house_id,city,area_sqm,bedrooms,bathrooms,parking_spaces,property_type,year_built,distance_to_city_center_km,electricity_hours_per_day,price_ngn
HOUSE_0001,Lagos,139.87,1,3,1,Flat,1998.0,7.31,9.0,146935131
HOUSE_0002,Enugu,145.91,1,4,0,Flat,1995.0,15.62,12.0,82927041
HOUSE_0003,Enugu,110.63,5,1,1,Bungalow,,6.83,19.0,90624231
HOUSE_0004,Port Harcourt,183.17,5,3,0,Flat,2017.0,11.84,16.0,134162886
HOUSE_0005,Abuja,101.22,2,3,0,Flat,2014.0,10.71,9.0,111498032
HOUSE_0006,Ibadan,101.46,5,3,0,Bungalow,2019.0,5.67,,93002387
HOUSE_0007,Port Harcourt,129.68,1,3,2,Bungalow,2002.0,1.57,8.0,109072276
HOUSE_0008,Abuja,51.0,3,1,1,Flat,2014.0,5.19,14.0,104630112
HOUSE_0009,Ibadan,79.49,2,3,2,Flat,2007.0,9.57,8.0,78855886
HOUSE_0010,Abuja,83.68,5,2,1,Duplex,2014.0,0.94,14.0,130797076
HOUSE_0011,Enugu,178.63,2,3,0,Flat,1992.0,6.87,16.0,111105510
HOUSE_0012,Ibadan,122.7,1,2,2,Flat,2021.0,0.88,18.0,106974658
HOUSE_0013,Port Harcourt,98.22,2,3,1,Flat,,8.55,14.0,107551453
HOUSE_0014,Enugu,73.96,4,4,2,Flat,1998.0,9.88,,76509910
HOUSE_0015,Lagos,95.97,1,1,1,Bungalow,2000.0,6.54,19.0,134149141
HOUSE_0016,Lagos,95.93,4,4,3,Bungalow,2006.0,17.26,,119256726
HOUSE_0017,Lagos,119.46,5,3,2,Flat,2008.0,2.71,19.0,152612484
HOUSE_0018,Port Harcourt,152.9,1,3,1,Bungalow,1996.0,1.9,15.0,130955421
HOUSE_0019,Enugu,128.35,5,2,1,Duplex,2000.0,1.8,,109527274
HOUSE_0020,Enugu,66.87,1,3,3,Flat,1997.0,8.98,17.0,74782427
HOUSE_0021,Ibadan,149.54,2,1,1,Bungalow,1995.0,8.86,8.0,103285903
HOUSE_0022,Port Harcourt,115.37,1,2,1,Bungalow,2020.0,6.49,,101063294
HOUSE_0023,Ibadan,60.86,5,4,1,Bungalow,2002.0,4.4,15.0,88214671
HOUSE_0024,Ibadan,101.57,4,4,0,Flat,2004.0,13.29,8.0,84075191
HOUSE_0025,Lagos,133.74,5,2,1,Flat,1994.0,0.82,7.0,152367661
HOUSE_0026,Lagos,132.96,1,3,0,Bungalow,2005.0,6.07,14.0,148876759
HOUSE_0027,Port Harcourt,92.92,2,2,3,Flat,2020.0,11.06,19.0,94845639
HOUSE_0028,Lagos,161.24,1,4,2,Duplex,2016.0,12.66,20.0,156973856
HOUSE_0029,Lagos,86.43,1,1,3,Bungalow,2011.0,6.45,9.0,119082715
HOUSE_0030,Abuja,133.25,2,4,1,Duplex,2001.0,12.88,14.0,126343299
HOUSE_0031,Abuja,100.83,1,4,0,Flat,,7.07,6.0,108472249
HOUSE_0032,Abuja,75.75,2,4,3,Duplex,2003.0,2.02,18.0,114871048
HOUSE_0033,Abuja,152.5,4,1,3,Duplex,2019.0,14.78,15.0,131236248
HOUSE_0034,Enugu,117.12,4,2,1,Duplex,2003.0,13.02,7.0,83284890
HOUSE_0035,Enugu,134.47,1,3,0,Flat,2020.0,4.77,,95449721
HOUSE_0036,Abuja,134.46,1,1,1,Flat,1994.0,15.69,13.0,114805767
HOUSE_0037,Lagos,118.57,5,2,0,Bungalow,1995.0,15.82,19.0,143443326
HOUSE_0038,Enugu,40.0,5,3,2,Flat,2010.0,12.11,13.0,59724272
HOUSE_0039,Port Harcourt,123.48,2,3,3,Duplex,1994.0,6.5,6.0,109207413
HOUSE_0040,Enugu,123.67,5,1,0,Bungalow,2003.0,1.94,,97605974
HOUSE_0041,Abuja,111.21,3,1,1,Duplex,2008.0,9.79,11.0,118128110
HOUSE_0042,Enugu,179.12,3,1,2,Bungalow,1996.0,5.41,10.0,106635517
HOUSE_0043,Lagos,87.66,1,2,2,Duplex,2003.0,5.49,16.0,125608885
HOUSE_0044,Ibadan,156.62,5,4,2,Flat,1995.0,9.64,19.0,125061781
HOUSE_0045,Ibadan,98.81,1,1,2,Flat,2006.0,10.57,11.0,82935148
HOUSE_0046,Port Harcourt,123.88,5,4,0,Flat,1994.0,12.84,10.0,114604571
HOUSE_0047,Lagos,91.92,3,2,3,Flat,1992.0,6.36,15.0,133157093
HOUSE_0048,Lagos,104.32,3,2,1,Bungalow,1996.0,0.68,17.0,152482663
HOUSE_0049,Enugu,131.84,4,2,1,Flat,2001.0,9.31,19.0,90789529
HOUSE_0050,Abuja,120.2,3,4,1,Duplex,2000.0,6.83,9.0,127193573
HOUSE_0051,Lagos,63.39,4,2,1,Duplex,2012.0,5.9,15.0,133871125
HOUSE_0052,Abuja,106.29,2,1,1,Duplex,2011.0,3.99,14.0,116478682
HOUSE_0053,Ibadan,113.55,3,4,2,Flat,1997.0,10.02,14.0,90613870
HOUSE_0054,Enugu,195.45,3,1,0,Bungalow,2017.0,8.87,17.0,120185559
HOUSE_0055,Ibadan,130.3,4,1,3,Bungalow,2002.0,7.63,14.0,95094387
HOUSE_0056,Port Harcourt,43.25,1,2,2,Duplex,1994.0,7.87,16.0,84248014
HOUSE_0057,Ibadan,122.41,1,3,2,Bungalow,2016.0,20.32,16.0,79810380
HOUSE_0058,Ibadan,112.31,5,2,1,Duplex,2014.0,9.51,11.0,98321572
HOUSE_0059,Enugu,118.61,3,4,0,Duplex,2008.0,2.16,12.0,97834361
HOUSE_0060,Enugu,165.71,5,3,3,Duplex,2018.0,11.76,12.0,107663595
HOUSE_0061,Port Harcourt,151.64,2,1,2,Bungalow,2011.0,3.45,8.0,126965314
HOUSE_0062,Abuja,176.11,3,2,1,Flat,1991.0,0.99,7.0,147258896
HOUSE_0063,Port Harcourt,143.47,5,1,3,Duplex,2002.0,18.95,18.0,113570271
HOUSE_0064,Port Harcourt,80.38,2,2,0,Flat,2017.0,5.17,13.0,93679379
HOUSE_0065,Enugu,123.99,4,1,1,Flat,2019.0,5.48,10.0,98764658
HOUSE_0066,Port Harcourt,57.97,5,3,3,Bungalow,2022.0,8.34,19.0,105617349
HOUSE_0067,Enugu,77.51,4,2,3,Duplex,2006.0,10.37,13.0,77181931
HOUSE_0068,Ibadan,83.22,5,4,1,Duplex,2018.0,15.75,8.0,83499356
HOUSE_0069,Ibadan,88.67,2,3,2,Duplex,,6.39,8.0,77987984
HOUSE_0070,Abuja,152.54,2,4,1,Bungalow,2003.0,1.85,8.0,141929569
HOUSE_0071,Port Harcourt,129.1,3,4,3,Flat,2003.0,14.54,19.0,112170775
HOUSE_0072,Enugu,55.7,1,4,3,Flat,2012.0,8.92,15.0,69932448
HOUSE_0073,Port Harcourt,130.4,4,2,3,Flat,2007.0,11.91,19.0,116894079
HOUSE_0074,Lagos,70.52,4,3,3,Bungalow,2000.0,1.4,20.0,134643929
HOUSE_0075,Enugu,140.88,5,1,3,Bungalow,1991.0,9.48,8.0,98514730
HOUSE_0076,Port Harcourt,130.02,2,4,1,Flat,2006.0,9.73,18.0,114122965
HOUSE_0077,Abuja,92.8,4,3,2,Duplex,2007.0,9.16,19.0,119620066
HOUSE_0078,Lagos,131.72,4,1,0,Duplex,2004.0,4.43,8.0,153193929
HOUSE_0079,Lagos,194.63,1,2,1,Flat,1999.0,10.37,13.0,154094479
HOUSE_0080,Port Harcourt,72.35,1,2,3,Bungalow,2006.0,11.28,17.0,83300785
HOUSE_0081,Enugu,81.01,5,1,1,Duplex,1996.0,11.94,,66657268
HOUSE_0082,Ibadan,166.34,5,4,3,Bungalow,2002.0,3.9,8.0,124774091
HOUSE_0083,Abuja,158.54,1,3,0,Bungalow,1992.0,10.06,17.0,137553247
HOUSE_0084,Port Harcourt,152.88,3,1,2,Flat,2016.0,17.48,21.0,108903490
HOUSE_0085,Port Harcourt,110.18,3,4,1,Duplex,2001.0,4.23,,118101430
HOUSE_0086,Ibadan,84.42,5,4,3,Duplex,2007.0,3.92,16.0,95061522
HOUSE_0087,Lagos,116.92,3,4,1,Duplex,2014.0,9.71,16.0,135850082
HOUSE_0088,Port Harcourt,131.07,3,2,3,Flat,2012.0,12.14,14.0,108915609
HOUSE_0089,Ibadan,120.52,5,3,0,Bungalow,2002.0,15.27,8.0,87707308
HOUSE_0090,Port Harcourt,109.41,4,2,3,Bungalow,2021.0,21.6,20.0,103678010
HOUSE_0091,Lagos,145.03,1,3,1,Duplex,2005.0,3.71,15.0,156446742
HOUSE_0092,Enugu,77.16,3,4,2,Duplex,2011.0,10.41,17.0,81007454
HOUSE_0093,Port Harcourt,111.06,3,3,2,Flat,1997.0,11.57,12.0,102481537
HOUSE_0094,Lagos,138.93,5,2,1,Flat,2020.0,7.64,14.0,158513845
HOUSE_0095,Enugu,86.13,5,3,0,Flat,2008.0,0.43,13.0,91483466
HOUSE_0096,Abuja,102.14,3,1,1,Duplex,1992.0,12.28,7.0,111496612
HOUSE_0097,Ibadan,128.56,2,4,0,Flat,2008.0,1.77,21.0,112504803
HOUSE_0098,Port Harcourt,126.93,3,2,0,Duplex,2020.0,9.93,9.0,115201343
HOUSE_0099,Lagos,84.65,4,4,0,Bungalow,1993.0,8.77,10.0,126605115
HOUSE_0100,Enugu,122.33,3,1,1,Flat,2016.0,2.29,13.0,100880900
HOUSE_0101,Enugu,134.31,4,4,3,Duplex,2017.0,10.8,15.0,99589042
HOUSE_0102,Enugu,163.32,1,1,1,Bungalow,2003.0,13.27,14.0,95718862
HOUSE_0103,Lagos,64.89,2,2,1,Bungalow,1994.0,3.31,11.0,116385519
HOUSE_0104,Port Harcourt,140.6,4,4,2,Flat,2004.0,10.57,15.0,126387243
HOUSE_0105,Ibadan,140.6,4,1,1,Duplex,2002.0,27.26,19.0,79324293
HOUSE_0106,Enugu,142.84,2,2,2,Flat,1994.0,13.68,7.0,79560189
HOUSE_0107,Ibadan,158.16,5,3,3,Flat,2019.0,11.26,15.0,117583607
HOUSE_0108,Port Harcourt,107.39,3,4,3,Flat,1992.0,11.79,19.0,113661664
HOUSE_0109,Ibadan,89.09,5,3,0,Flat,2004.0,6.82,,95046734
HOUSE_0110,Lagos,100.59,3,1,1,Duplex,,8.41,20.0,133779602
HOUSE_0111,Abuja,212.59,5,4,3,Flat,2020.0,1.34,17.0,176348163
HOUSE_0112,Ibadan,147.45,3,1,1,Duplex,2016.0,0.06,21.0,115971134
HOUSE_0113,Port Harcourt,101.12,5,1,3,Flat,2010.0,13.44,14.0,100088587
HOUSE_0114,Lagos,122.57,4,1,3,Duplex,1993.0,2.61,12.0,150165889
HOUSE_0115,Ibadan,91.39,5,4,3,Flat,2003.0,11.4,14.0,92420124
HOUSE_0116,Abuja,90.79,3,4,3,Flat,1991.0,9.08,13.0,122087046
HOUSE_0117,Abuja,121.82,3,1,3,Flat,2004.0,4.74,9.0,127091815
HOUSE_0118,Lagos,205.76,2,4,2,Bungalow,2007.0,11.17,19.0,172106216
HOUSE_0119,Port Harcourt,40.0,2,4,1,Duplex,2002.0,8.93,,87004711
HOUSE_0120,Abuja,93.53,1,3,3,Duplex,2022.0,12.26,14.0,115189524
HOUSE_0121,Lagos,88.3,3,3,3,Flat,2018.0,7.43,,132314609
HOUSE_0122,Ibadan,140.2,3,4,3,Duplex,2002.0,12.33,13.0,103166993
HOUSE_0123,Port Harcourt,71.99,2,4,0,Duplex,2020.0,6.33,18.0,98877176
HOUSE_0124,Abuja,101.0,4,1,1,Bungalow,2011.0,4.73,9.0,121961877
HOUSE_0125,Lagos,190.62,5,4,0,Bungalow,1999.0,10.02,19.0,178577766
HOUSE_0126,Abuja,69.56,1,4,2,Duplex,2015.0,12.59,8.0,96052039
HOUSE_0127,Enugu,204.89,4,3,3,Bungalow,1992.0,13.16,8.0,110156977
HOUSE_0128,Ibadan,59.23,2,1,3,Flat,1996.0,5.58,20.0,73323957
HOUSE_0129,Ibadan,170.68,1,1,2,Flat,2008.0,4.46,17.0,112873545
HOUSE_0130,Port Harcourt,137.75,2,2,3,Bungalow,2001.0,11.87,11.0,104506647
HOUSE_0131,Lagos,82.92,5,4,1,Duplex,1999.0,7.7,13.0,136819784
HOUSE_0132,Ibadan,40.0,4,3,0,Duplex,2008.0,2.88,,72894391
HOUSE_0133,Lagos,109.9,4,3,2,Bungalow,2017.0,1.76,14.0,149916478
HOUSE_0134,Ibadan,185.3,2,4,3,Flat,2005.0,0.85,18.0,133229028
HOUSE_0135,Ibadan,102.4,5,3,2,Flat,2015.0,8.65,14.0,88995238
HOUSE_0136,Enugu,177.65,1,4,2,Flat,2012.0,0.82,13.0,119174501
HOUSE_0137,Abuja,166.53,5,3,1,Bungalow,1996.0,8.05,7.0,143007325
HOUSE_0138,Port Harcourt,80.74,1,3,1,Flat,2008.0,10.31,16.0,98027525
HOUSE_0139,Port Harcourt,127.96,2,2,1,Bungalow,2013.0,5.0,,115405554
HOUSE_0140,Ibadan,122.79,2,3,3,Duplex,2011.0,6.07,9.0,96450525
HOUSE_0141,Lagos,124.54,2,2,3,Bungalow,2013.0,11.31,8.0,139082684
HOUSE_0142,Port Harcourt,183.44,1,3,0,Duplex,2013.0,1.81,14.0,140239525
HOUSE_0143,Port Harcourt,205.32,3,1,1,Duplex,1991.0,1.76,,144453499
HOUSE_0144,Enugu,113.93,2,1,3,Bungalow,2009.0,10.94,19.0,77604505
HOUSE_0145,Abuja,131.24,1,1,2,Duplex,1997.0,4.89,9.0,121405176
HOUSE_0146,Enugu,111.68,2,4,3,Duplex,,5.53,19.0,95704223
HOUSE_0147,Abuja,96.43,4,1,3,Bungalow,2016.0,12.25,14.0,107497781
HOUSE_0148,Ibadan,134.28,2,4,3,Flat,2013.0,4.54,9.0,107454021
HOUSE_0149,Ibadan,155.98,5,3,0,Duplex,2007.0,9.54,12.0,107395897
HOUSE_0150,Port Harcourt,152.51,1,2,0,Flat,2011.0,11.15,13.0,108412721
HOUSE_0151,Enugu,86.84,2,1,1,Bungalow,2003.0,5.2,13.0,74966383
HOUSE_0152,Abuja,149.89,5,1,2,Flat,1998.0,11.05,,132607389
HOUSE_0153,Abuja,119.16,1,1,1,Flat,2012.0,8.59,13.0,121078689
HOUSE_0154,Ibadan,171.11,1,2,2,Flat,1998.0,5.04,19.0,117565558
HOUSE_0155,Lagos,141.88,1,4,3,Duplex,2022.0,6.99,,141800985
HOUSE_0156,Port Harcourt,111.29,5,2,0,Bungalow,,13.49,15.0,107949141
HOUSE_0157,Lagos,153.02,1,4,3,Duplex,1996.0,12.07,21.0,155123938
HOUSE_0158,Port Harcourt,172.22,1,1,2,Bungalow,1999.0,8.11,8.0,114461846
HOUSE_0159,Ibadan,147.28,5,3,3,Bungalow,,6.45,15.0,115419422
HOUSE_0160,Enugu,132.97,5,4,0,Bungalow,1997.0,7.35,,106512014
HOUSE_0161,Abuja,123.88,4,4,1,Duplex,2011.0,10.98,20.0,132871525
HOUSE_0162,Port Harcourt,87.27,1,3,3,Duplex,2006.0,18.46,17.0,81153766
HOUSE_0163,Port Harcourt,79.76,1,1,0,Flat,2017.0,1.93,9.0,100491885
HOUSE_0164,Ibadan,166.32,2,1,2,Bungalow,1997.0,11.96,19.0,105693943
HOUSE_0165,Port Harcourt,144.96,1,3,2,Duplex,1996.0,11.14,,113082646
HOUSE_0166,Abuja,119.51,2,4,1,Flat,2012.0,3.51,,129983196
HOUSE_0167,Lagos,123.03,3,2,3,Bungalow,1991.0,4.61,14.0,139915016
HOUSE_0168,Abuja,159.0,3,3,2,Duplex,1990.0,7.26,11.0,135943037
HOUSE_0169,Enugu,86.98,4,1,1,Bungalow,1991.0,6.39,8.0,82592717
HOUSE_0170,Enugu,136.52,2,4,3,Duplex,2011.0,5.18,11.0,96373500
HOUSE_0171,Ibadan,87.11,3,1,0,Flat,2000.0,9.22,7.0,81932232
HOUSE_0172,Lagos,129.8,3,4,3,Duplex,2018.0,5.47,19.0,151348510
HOUSE_0173,Abuja,101.16,5,1,2,Duplex,1997.0,9.16,15.0,126792071
HOUSE_0174,Enugu,62.08,4,3,0,Flat,2015.0,0.96,7.0,70403786
HOUSE_0175,Abuja,91.26,3,2,1,Duplex,2008.0,6.93,16.0,113738783
HOUSE_0176,Lagos,132.44,4,4,1,Flat,2014.0,15.38,,145902349
HOUSE_0177,Abuja,154.31,5,3,0,Duplex,1992.0,7.2,19.0,142081664
HOUSE_0178,Port Harcourt,119.24,1,3,3,Bungalow,2015.0,2.99,19.0,114403032
HOUSE_0179,Lagos,119.26,4,1,2,Flat,2019.0,6.56,17.0,140047390
HOUSE_0180,Port Harcourt,132.91,1,2,3,Bungalow,2015.0,3.86,,108905538
HOUSE_0181,Port Harcourt,140.77,3,3,1,Duplex,2000.0,15.66,8.0,108843339
HOUSE_0182,Lagos,115.65,5,2,2,Duplex,1999.0,10.01,13.0,136490130
HOUSE_0183,Abuja,147.61,3,2,1,Bungalow,1999.0,5.99,8.0,130746033
HOUSE_0184,Port Harcourt,128.96,4,4,2,Bungalow,2010.0,8.06,10.0,117843289
HOUSE_0185,Lagos,123.91,4,4,2,Duplex,1993.0,4.13,17.0,156123165
HOUSE_0186,Lagos,120.98,3,4,3,Flat,1993.0,10.49,17.0,150408696
HOUSE_0187,Ibadan,178.05,1,1,3,Duplex,1992.0,12.8,20.0,114542466
HOUSE_0188,Enugu,206.13,2,3,3,Bungalow,1999.0,4.16,7.0,119411077
HOUSE_0189,Lagos,154.89,3,1,1,Flat,2005.0,8.92,20.0,154880762
HOUSE_0190,Enugu,207.59,5,2,2,Duplex,2008.0,3.96,18.0,132063253
HOUSE_0191,Ibadan,86.41,5,1,2,Flat,2011.0,5.0,9.0,91004963
HOUSE_0192,Port Harcourt,40.0,3,3,1,Duplex,1995.0,5.37,,90889563
HOUSE_0193,Abuja,89.63,3,3,3,Flat,1995.0,8.75,15.0,119249298
HOUSE_0194,Port Harcourt,133.67,3,2,0,Bungalow,2017.0,17.38,,102699051
HOUSE_0195,Lagos,158.02,3,3,1,Flat,2011.0,5.12,21.0,159983246
HOUSE_0196,Abuja,84.06,2,2,0,Duplex,1996.0,10.46,,113003325
HOUSE_0197,Enugu,67.19,5,1,2,Bungalow,1998.0,17.16,18.0,61312666
HOUSE_0198,Abuja,167.18,2,2,3,Flat,2016.0,5.65,17.0,149279647
HOUSE_0199,Abuja,51.47,4,3,3,Flat,,14.77,13.0,95784125
HOUSE_0200,Port Harcourt,115.42,2,3,3,Duplex,2008.0,14.19,18.0,105105816
HOUSE_0201,Enugu,56.22,4,2,1,Bungalow,1998.0,5.0,14.0,66953443
HOUSE_0202,Port Harcourt,120.21,3,1,0,Duplex,1995.0,8.23,11.0,105374089
HOUSE_0203,Port Harcourt,102.0,5,2,3,Flat,2004.0,11.11,20.0,108732147
HOUSE_0204,Lagos,77.3,4,1,3,Bungalow,2013.0,7.29,13.0,127084105
HOUSE_0205,Lagos,124.81,3,2,0,Duplex,1996.0,10.57,16.0,147377301
HOUSE_0206,Abuja,148.46,2,1,2,Duplex,1998.0,2.38,21.0,143732891
HOUSE_0207,Enugu,58.64,1,1,0,Duplex,2003.0,14.39,10.0,53461808
HOUSE_0208,Enugu,133.29,5,4,0,Duplex,2005.0,4.26,15.0,102084672
HOUSE_0209,Lagos,182.05,2,4,3,Flat,1997.0,8.58,21.0,170031746
HOUSE_0210,Enugu,167.17,1,2,1,Duplex,2017.0,8.34,6.0,98916953
HOUSE_0211,Ibadan,202.43,2,4,1,Bungalow,1995.0,16.78,,112964397
HOUSE_0212,Lagos,110.04,5,1,3,Duplex,1992.0,12.86,18.0,137145475
HOUSE_0213,Ibadan,145.82,1,3,0,Duplex,2005.0,14.84,9.0,96570908
HOUSE_0214,Enugu,81.4,3,2,0,Duplex,,11.43,16.0,79523484
HOUSE_0215,Abuja,162.34,4,4,1,Flat,1994.0,0.79,20.0,152490427
HOUSE_0216,Ibadan,72.67,2,1,1,Flat,2010.0,2.2,15.0,84941081
HOUSE_0217,Port Harcourt,109.22,5,4,2,Flat,2002.0,11.59,15.0,110809336
HOUSE_0218,Lagos,180.09,3,3,0,Duplex,2017.0,8.37,18.0,171259631
HOUSE_0219,Port Harcourt,185.14,4,3,1,Duplex,2021.0,1.1,17.0,154556938
HOUSE_0220,Enugu,51.86,3,1,3,Flat,2017.0,7.72,11.0,64640186
HOUSE_0221,Ibadan,135.36,3,1,0,Duplex,2008.0,7.84,15.0,101450141
HOUSE_0222,Enugu,40.0,4,2,3,Duplex,2018.0,7.55,7.0,65333922
HOUSE_0223,Ibadan,67.82,5,4,2,Bungalow,1993.0,11.35,8.0,82678023
HOUSE_0224,Port Harcourt,134.66,3,2,0,Flat,2018.0,3.3,7.0,112990163
HOUSE_0225,Lagos,99.45,2,3,2,Duplex,1992.0,2.7,10.0,141458633
HOUSE_0226,Port Harcourt,117.49,3,3,3,Flat,1998.0,12.78,,104142890
HOUSE_0227,Port Harcourt,80.57,3,3,1,Flat,1991.0,10.52,11.0,95548403
HOUSE_0228,Enugu,98.79,4,1,2,Duplex,2018.0,4.04,12.0,89693988
HOUSE_0229,Ibadan,115.72,4,2,0,Flat,1994.0,2.82,20.0,103014267
HOUSE_0230,Port Harcourt,97.85,1,3,2,Bungalow,1994.0,2.01,,108133035
HOUSE_0231,Ibadan,198.59,3,2,1,Duplex,2022.0,8.18,13.0,118026275
HOUSE_0232,Abuja,92.01,2,2,3,Flat,2013.0,9.07,,114121063
HOUSE_0233,Ibadan,115.51,4,2,0,Flat,2009.0,6.9,18.0,105975556
HOUSE_0234,Port Harcourt,144.57,5,4,3,Bungalow,1994.0,11.79,10.0,119269174
HOUSE_0235,Lagos,98.78,4,4,2,Flat,2001.0,5.12,10.0,140687113
HOUSE_0236,Enugu,109.0,1,1,1,Duplex,2000.0,3.51,11.0,80950625
HOUSE_0237,Abuja,59.39,3,3,0,Duplex,2002.0,14.83,,94795849
HOUSE_0238,Abuja,185.8,3,1,1,Bungalow,1999.0,6.75,11.0,151581250
HOUSE_0239,Enugu,143.06,5,3,0,Flat,1995.0,9.56,7.0,101561604
HOUSE_0240,Enugu,243.16,3,2,3,Bungalow,1991.0,13.6,21.0,133406397
HOUSE_0241,Enugu,114.88,3,3,3,Flat,2015.0,3.22,15.0,95954360
HOUSE_0242,Lagos,55.74,1,2,3,Duplex,2020.0,9.02,20.0,112608689
HOUSE_0243,Ibadan,89.75,5,2,2,Bungalow,2010.0,0.89,17.0,100732443
HOUSE_0244,Abuja,94.14,3,1,2,Flat,2019.0,2.59,9.0,116727409
HOUSE_0245,Port Harcourt,187.49,2,2,0,Flat,2008.0,12.41,18.0,132852302
HOUSE_0246,Port Harcourt,119.68,2,2,2,Bungalow,2010.0,15.4,12.0,104411435
HOUSE_0247,Abuja,123.09,4,4,3,Duplex,2021.0,3.69,6.0,127765929
HOUSE_0248,Port Harcourt,180.92,5,4,1,Flat,2012.0,10.69,7.0,127043664
HOUSE_0249,Ibadan,78.51,4,4,2,Bungalow,1990.0,7.05,9.0,85648321
HOUSE_0250,Abuja,84.98,3,3,3,Duplex,1992.0,1.09,18.0,120091627
HOUSE_0251,Enugu,157.05,5,2,2,Bungalow,2008.0,17.55,8.0,91688342
HOUSE_0252,Enugu,64.06,4,3,0,Flat,1996.0,10.81,18.0,72009282
HOUSE_0253,Ibadan,93.97,5,3,1,Flat,2022.0,5.56,18.0,100408919
HOUSE_0254,Lagos,96.3,1,1,1,Bungalow,2011.0,3.68,21.0,137603442
HOUSE_0255,Port Harcourt,121.94,2,2,2,Bungalow,2010.0,3.85,11.0,112251985
HOUSE_0256,Enugu,130.82,3,3,3,Bungalow,2009.0,7.75,21.0,105772389
HOUSE_0257,Lagos,110.44,3,3,0,Duplex,2009.0,3.46,6.0,143117208
HOUSE_0258,Port Harcourt,96.93,3,2,0,Bungalow,2020.0,11.78,11.0,98684360
HOUSE_0259,Enugu,140.04,4,2,1,Flat,1997.0,3.11,12.0,96798556
HOUSE_0260,Port Harcourt,123.97,3,4,1,Duplex,2003.0,11.76,19.0,115597786
HOUSE_0261,Enugu,53.22,4,1,1,Bungalow,2003.0,10.72,,60917752
HOUSE_0262,Port Harcourt,93.5,5,4,2,Flat,2019.0,10.85,,104146561
HOUSE_0263,Enugu,89.47,3,3,3,Flat,2005.0,1.02,14.0,90853511
HOUSE_0264,Ibadan,54.9,2,3,2,Bungalow,2003.0,8.24,21.0,74745466
HOUSE_0265,Port Harcourt,130.39,3,3,2,Flat,,3.48,18.0,123879271
HOUSE_0266,Ibadan,145.54,2,3,0,Duplex,1995.0,0.31,17.0,115690133
HOUSE_0267,Ibadan,117.36,4,2,1,Bungalow,2007.0,1.94,,108626698
HOUSE_0268,Ibadan,93.93,2,1,1,Flat,1993.0,8.24,,78472435
HOUSE_0269,Abuja,85.58,1,1,3,Duplex,2020.0,6.08,9.0,111486717
HOUSE_0270,Abuja,160.25,1,2,3,Bungalow,2020.0,5.12,21.0,146958327
HOUSE_0271,Abuja,153.43,3,3,2,Bungalow,1993.0,2.35,8.0,146623445
HOUSE_0272,Enugu,141.19,2,1,1,Duplex,2001.0,15.21,7.0,79525721
HOUSE_0273,Port Harcourt,40.0,2,3,0,Flat,2009.0,4.02,,88989020
HOUSE_0274,Lagos,143.08,3,3,3,Bungalow,,6.98,,152189484
HOUSE_0275,Abuja,134.85,5,4,2,Flat,1997.0,4.98,16.0,140046243
HOUSE_0276,Port Harcourt,123.46,3,2,0,Bungalow,2011.0,7.22,15.0,116574045
HOUSE_0277,Abuja,166.71,2,4,3,Bungalow,2010.0,9.27,8.0,137749813
HOUSE_0278,Lagos,133.5,2,2,3,Duplex,2005.0,5.94,6.0,138573687
HOUSE_0279,Port Harcourt,100.5,2,4,2,Duplex,2009.0,5.84,,111493468
HOUSE_0280,Enugu,135.78,1,3,2,Bungalow,2005.0,5.9,7.0,93845920
HOUSE_0281,Lagos,131.59,4,3,1,Duplex,2022.0,18.38,15.0,142081997
HOUSE_0282,Lagos,154.84,3,3,1,Flat,1998.0,6.37,21.0,156721772
HOUSE_0283,Port Harcourt,168.05,5,3,3,Bungalow,2020.0,5.96,,142320237
HOUSE_0284,Abuja,40.0,2,1,3,Bungalow,2013.0,2.96,8.0,99213180
HOUSE_0285,Lagos,45.17,1,2,1,Flat,2010.0,6.24,,111433767
HOUSE_0286,Lagos,120.74,2,4,0,Bungalow,2018.0,16.38,7.0,128409188
HOUSE_0287,Abuja,133.08,5,4,3,Bungalow,1993.0,6.9,,139754403
HOUSE_0288,Ibadan,153.18,1,4,2,Flat,2003.0,3.06,,104864910
HOUSE_0289,Lagos,129.42,4,3,0,Bungalow,1993.0,11.85,8.0,141298643
HOUSE_0290,Lagos,60.86,3,4,1,Flat,2016.0,13.72,17.0,117952735
HOUSE_0291,Port Harcourt,133.54,4,4,0,Bungalow,,5.92,10.0,125599431
HOUSE_0292,Ibadan,145.31,1,2,3,Bungalow,1998.0,19.35,13.0,78997218
HOUSE_0293,Lagos,127.27,3,4,3,Bungalow,2014.0,9.24,13.0,141910689
HOUSE_0294,Port Harcourt,101.63,3,2,2,Flat,1997.0,3.75,7.0,112349737
HOUSE_0295,Port Harcourt,153.21,5,1,1,Flat,1994.0,3.72,9.0,131525430
HOUSE_0296,Lagos,122.86,4,1,1,Bungalow,1992.0,5.61,18.0,148934500
HOUSE_0297,Abuja,139.16,5,2,0,Flat,2022.0,9.67,15.0,133530295
HOUSE_0298,Enugu,161.5,3,3,1,Duplex,1999.0,5.45,,103894040
HOUSE_0299,Port Harcourt,109.21,3,3,0,Bungalow,2001.0,3.11,19.0,120215376
HOUSE_0300,Port Harcourt,102.23,1,3,3,Bungalow,2010.0,9.89,19.0,102161346
HOUSE_0301,Abuja,150.28,3,4,1,Bungalow,2020.0,3.39,13.0,141610494
HOUSE_0302,Ibadan,154.78,2,4,0,Bungalow,2016.0,14.78,19.0,106188202
HOUSE_0303,Enugu,136.54,2,4,1,Duplex,2003.0,17.38,16.0,89382011
HOUSE_0304,Lagos,89.05,4,3,0,Bungalow,2002.0,1.78,7.0,135234989
HOUSE_0305,Port Harcourt,48.85,5,1,0,Flat,2003.0,15.48,21.0,81626493
HOUSE_0306,Ibadan,146.17,3,1,1,Flat,1997.0,7.72,21.0,105567157
HOUSE_0307,Enugu,131.2,2,4,1,Bungalow,2010.0,2.37,15.0,100462004
HOUSE_0308,Port Harcourt,217.83,5,3,2,Duplex,2013.0,8.65,,151403455
HOUSE_0309,Port Harcourt,124.38,1,4,2,Flat,2013.0,11.63,16.0,107620122
HOUSE_0310,Lagos,139.24,5,2,1,Flat,2006.0,9.12,,153288558
HOUSE_0311,Enugu,88.38,4,3,1,Flat,2011.0,10.36,13.0,78174010
HOUSE_0312,Enugu,195.28,2,4,2,Duplex,2021.0,14.73,21.0,113003769
HOUSE_0313,Abuja,183.73,3,2,1,Bungalow,,5.44,21.0,151964421
HOUSE_0314,Enugu,80.42,1,1,0,Bungalow,1993.0,7.37,6.0,64820325
HOUSE_0315,Abuja,122.23,2,1,1,Flat,2003.0,13.47,,115966720
HOUSE_0316,Ibadan,52.3,1,4,3,Flat,1990.0,15.65,,62480538
HOUSE_0317,Port Harcourt,113.68,1,1,2,Bungalow,2008.0,5.87,6.0,101769675
HOUSE_0318,Port Harcourt,79.52,2,1,0,Bungalow,1999.0,0.27,13.0,98026623
HOUSE_0319,Enugu,152.93,5,3,2,Duplex,2015.0,8.37,8.0,102539154
HOUSE_0320,Port Harcourt,68.4,4,2,1,Duplex,1995.0,1.52,7.0,93885225
HOUSE_0321,Port Harcourt,106.57,4,4,3,Flat,1990.0,16.35,11.0,94666256
HOUSE_0322,Port Harcourt,109.62,4,3,0,Bungalow,1992.0,0.48,13.0,116636710
HOUSE_0323,Enugu,110.17,4,3,0,Flat,2007.0,6.64,,92745723
HOUSE_0324,Lagos,40.0,2,3,0,Flat,1999.0,7.73,18.0,109314796
HOUSE_0325,Ibadan,110.76,2,2,3,Bungalow,,11.48,16.0,87030786
HOUSE_0326,Abuja,193.96,1,3,0,Flat,2017.0,13.63,13.0,135604759
HOUSE_0327,Ibadan,109.24,5,4,2,Flat,2007.0,2.47,20.0,112002518
HOUSE_0328,Abuja,222.93,3,4,3,Flat,2014.0,8.3,8.0,167321856
HOUSE_0329,Enugu,120.56,3,2,0,Flat,2007.0,7.88,10.0,86614351
HOUSE_0330,Abuja,127.92,4,3,2,Flat,1995.0,7.28,6.0,127309055
HOUSE_0331,Port Harcourt,97.05,3,3,0,Flat,1995.0,5.27,11.0,106475367
HOUSE_0332,Port Harcourt,118.69,5,4,0,Flat,1995.0,5.28,17.0,126203719
HOUSE_0333,Lagos,91.49,5,3,3,Flat,2008.0,8.53,19.0,139690355
HOUSE_0334,Lagos,109.8,5,2,1,Bungalow,2014.0,15.52,11.0,127235667
HOUSE_0335,Ibadan,40.0,3,3,3,Flat,1994.0,13.46,11.0,61740657
HOUSE_0336,Ibadan,169.84,4,3,3,Flat,2013.0,2.37,14.0,121638286
HOUSE_0337,Port Harcourt,106.29,5,2,3,Flat,1998.0,6.14,15.0,107447910
HOUSE_0338,Port Harcourt,63.7,3,4,2,Duplex,2011.0,4.11,19.0,108944244
HOUSE_0339,Enugu,75.58,2,3,2,Bungalow,2002.0,16.76,21.0,64711058
HOUSE_0340,Abuja,157.43,4,3,2,Bungalow,2021.0,14.36,,140686849
HOUSE_0341,Abuja,148.87,3,4,2,Duplex,2013.0,2.35,9.0,145643249
HOUSE_0342,Abuja,99.02,5,2,0,Bungalow,2019.0,10.45,12.0,120172769
HOUSE_0343,Ibadan,71.11,1,4,3,Flat,2009.0,11.56,13.0,69557505
HOUSE_0344,Abuja,110.39,4,4,0,Duplex,2020.0,6.13,,129203837
HOUSE_0345,Enugu,148.44,5,4,0,Duplex,,10.22,8.0,95824353
HOUSE_0346,Abuja,105.56,3,2,0,Bungalow,2015.0,13.8,16.0,121845013
HOUSE_0347,Port Harcourt,76.76,1,1,0,Duplex,2004.0,11.08,,90299227
HOUSE_0348,Enugu,143.72,5,2,3,Duplex,2015.0,6.45,20.0,114021169
HOUSE_0349,Enugu,133.05,5,2,2,Flat,2020.0,1.74,9.0,101334392
HOUSE_0350,Port Harcourt,156.96,1,1,1,Duplex,2009.0,7.08,16.0,120679591
HOUSE_0351,Abuja,99.09,5,4,2,Duplex,1996.0,13.25,20.0,129394925
HOUSE_0352,Port Harcourt,91.83,3,1,2,Flat,1997.0,0.96,6.0,102343080
HOUSE_0353,Lagos,57.73,2,2,1,Bungalow,2000.0,11.03,16.0,116963897
HOUSE_0354,Port Harcourt,68.78,4,2,3,Bungalow,2001.0,16.77,11.0,87295441
HOUSE_0355,Port Harcourt,40.0,4,1,1,Duplex,2017.0,16.48,18.0,69598659
HOUSE_0356,Abuja,128.44,2,3,0,Bungalow,1996.0,7.52,,123766909
HOUSE_0357,Ibadan,98.2,3,2,3,Flat,2006.0,10.0,21.0,92324720
HOUSE_0358,Ibadan,118.49,5,4,3,Bungalow,1997.0,13.52,17.0,97854441
HOUSE_0359,Port Harcourt,124.57,5,2,2,Bungalow,1995.0,8.75,10.0,112853571
HOUSE_0360,Lagos,105.46,2,3,0,Flat,2013.0,7.72,10.0,134715648
HOUSE_0361,Port Harcourt,132.31,4,2,3,Duplex,2001.0,0.55,21.0,134911172
HOUSE_0362,Enugu,66.07,2,2,3,Duplex,1998.0,11.72,11.0,59939180
HOUSE_0363,Port Harcourt,126.83,5,1,2,Flat,2021.0,7.08,10.0,112169828
HOUSE_0364,Port Harcourt,120.74,5,4,3,Bungalow,2021.0,9.74,19.0,125384286
HOUSE_0365,Port Harcourt,98.41,4,2,0,Bungalow,1991.0,4.11,13.0,108211819
HOUSE_0366,Lagos,127.83,3,2,2,Flat,2019.0,3.11,,154167222
HOUSE_0367,Port Harcourt,136.33,5,1,0,Duplex,,0.51,17.0,133397516
HOUSE_0368,Lagos,161.17,4,2,3,Flat,2005.0,10.36,15.0,149516914
HOUSE_0369,Port Harcourt,130.24,3,3,0,Duplex,1997.0,12.91,13.0,106413587
HOUSE_0370,Enugu,186.62,3,4,1,Bungalow,1998.0,13.07,12.0,114981408
HOUSE_0371,Abuja,46.37,1,3,2,Bungalow,,1.6,11.0,101337766
HOUSE_0372,Ibadan,95.01,3,3,0,Flat,2016.0,8.13,7.0,82349255
HOUSE_0373,Abuja,140.71,2,2,1,Bungalow,2010.0,4.37,13.0,140578632
HOUSE_0374,Port Harcourt,127.47,4,2,2,Bungalow,2016.0,4.22,18.0,123933896
HOUSE_0375,Lagos,95.54,1,4,2,Bungalow,2013.0,0.97,20.0,143962777
HOUSE_0376,Ibadan,83.07,5,1,0,Bungalow,2019.0,1.24,17.0,90849246
HOUSE_0377,Enugu,80.97,4,2,3,Flat,2021.0,13.27,14.0,70230552
HOUSE_0378,Ibadan,82.02,3,2,3,Duplex,1993.0,21.16,7.0,57687001
HOUSE_0379,Port Harcourt,139.73,1,1,1,Duplex,2019.0,8.92,6.0,105979731
HOUSE_0380,Abuja,85.67,2,3,1,Duplex,1995.0,11.5,17.0,108083826
HOUSE_0381,Lagos,96.97,3,2,0,Duplex,2009.0,8.61,13.0,132110370
HOUSE_0382,Lagos,222.4,1,1,1,Duplex,1994.0,7.52,10.0,171777472
HOUSE_0383,Abuja,165.97,5,4,0,Flat,2011.0,4.48,9.0,151699078
HOUSE_0384,Abuja,118.6,4,1,1,Duplex,1995.0,16.85,9.0,107921595
HOUSE_0385,Ibadan,94.92,3,3,1,Duplex,1998.0,17.06,10.0,69898217
HOUSE_0386,Enugu,148.31,5,1,1,Duplex,2012.0,5.19,12.0,108417961
HOUSE_0387,Abuja,145.3,4,4,1,Flat,1996.0,12.86,10.0,138045651
HOUSE_0388,Lagos,144.87,5,4,2,Duplex,2010.0,0.15,10.0,162182504
HOUSE_0389,Ibadan,90.91,1,2,2,Bungalow,1991.0,6.76,15.0,79654886
HOUSE_0390,Enugu,117.02,5,2,3,Duplex,1993.0,11.1,13.0,90240769
HOUSE_0391,Port Harcourt,127.11,1,2,3,Bungalow,1994.0,1.32,,108806264
HOUSE_0392,Ibadan,135.21,3,2,3,Bungalow,2016.0,11.05,17.0,101929105
HOUSE_0393,Abuja,142.39,4,1,0,Bungalow,1994.0,13.4,6.0,121255805
HOUSE_0394,Abuja,153.36,1,1,3,Bungalow,2008.0,10.3,,133384880
HOUSE_0395,Port Harcourt,117.19,4,4,0,Bungalow,,0.3,,127193234
HOUSE_0396,Abuja,137.18,3,1,2,Flat,2022.0,9.04,12.0,134923653
HOUSE_0397,Abuja,130.86,5,3,3,Bungalow,1994.0,1.62,15.0,149579939
HOUSE_0398,Port Harcourt,76.76,2,1,1,Flat,2017.0,13.27,9.0,83447525
HOUSE_0399,Enugu,118.42,5,1,2,Bungalow,2001.0,11.41,9.0,78366709
HOUSE_0400,Abuja,121.13,1,2,3,Duplex,,8.15,,126452800
HOUSE_0401,Ibadan,157.53,2,3,1,Bungalow,2007.0,5.42,9.0,114474425
HOUSE_0402,Lagos,123.84,3,4,2,Bungalow,1994.0,5.69,14.0,153368490
HOUSE_0403,Enugu,102.62,1,4,3,Bungalow,2013.0,6.45,7.0,80259116
HOUSE_0404,Enugu,128.89,2,3,1,Duplex,1996.0,5.61,,97387736
HOUSE_0405,Lagos,170.23,2,1,0,Flat,2005.0,3.53,7.0,156959481
HOUSE_0406,Ibadan,112.53,4,2,1,Flat,2016.0,5.8,13.0,96622737
HOUSE_0407,Abuja,177.88,4,3,2,Flat,2013.0,8.98,9.0,147804539
HOUSE_0408,Lagos,161.27,2,2,0,Duplex,1994.0,0.57,20.0,163498146
HOUSE_0409,Ibadan,130.68,3,1,3,Flat,2013.0,12.45,12.0,89890856
HOUSE_0410,Enugu,123.29,3,2,3,Duplex,2021.0,13.33,12.0,88144670
HOUSE_0411,Enugu,99.31,2,2,0,Duplex,1991.0,15.05,13.0,72583581
HOUSE_0412,Ibadan,211.96,1,3,0,Bungalow,2014.0,6.19,15.0,122500548
HOUSE_0413,Abuja,102.18,5,2,3,Duplex,1993.0,15.27,10.0,118878511
HOUSE_0414,Ibadan,183.18,1,1,1,Bungalow,2016.0,5.39,17.0,117537659
HOUSE_0415,Lagos,103.19,5,1,1,Bungalow,2015.0,6.59,8.0,139939747
HOUSE_0416,Enugu,66.22,1,4,1,Flat,2008.0,3.41,14.0,72270664
HOUSE_0417,Port Harcourt,79.83,3,3,3,Duplex,2004.0,4.16,8.0,96150982
HOUSE_0418,Abuja,118.61,5,1,1,Flat,2000.0,9.17,20.0,132329518
HOUSE_0419,Ibadan,182.02,4,1,2,Flat,2018.0,3.01,15.0,126368671
HOUSE_0420,Ibadan,159.37,1,1,1,Bungalow,2009.0,6.93,7.0,97271963
HOUSE_0421,Ibadan,118.02,2,1,1,Duplex,2015.0,11.37,,80184763
HOUSE_0422,Ibadan,75.09,3,2,0,Duplex,2018.0,9.91,,82640564
HOUSE_0423,Enugu,126.66,2,1,3,Flat,1998.0,10.46,9.0,74878933
HOUSE_0424,Lagos,131.57,2,2,1,Duplex,2013.0,20.28,8.0,127282133
HOUSE_0425,Enugu,94.49,3,1,0,Flat,2002.0,5.35,20.0,92229418
HOUSE_0426,Abuja,95.07,1,3,0,Flat,2019.0,5.22,7.0,109030423
HOUSE_0427,Enugu,94.5,4,4,3,Flat,2014.0,13.95,19.0,77635803
HOUSE_0428,Ibadan,176.82,2,2,2,Duplex,2018.0,5.15,10.0,108288380
HOUSE_0429,Enugu,86.71,5,2,2,Duplex,2016.0,10.36,,79651826
HOUSE_0430,Lagos,97.91,1,3,3,Flat,2016.0,11.16,12.0,128858797
HOUSE_0431,Enugu,128.12,2,1,3,Bungalow,2012.0,0.42,21.0,103572414
HOUSE_0432,Port Harcourt,181.9,3,3,3,Duplex,2001.0,16.98,6.0,117238949
HOUSE_0433,Enugu,95.49,2,1,2,Flat,2020.0,6.06,,76845686
HOUSE_0434,Enugu,131.43,2,2,0,Flat,2005.0,9.67,14.0,90751940
HOUSE_0435,Lagos,146.34,2,4,2,Flat,2001.0,18.05,13.0,141300446
HOUSE_0436,Ibadan,112.92,3,1,2,Bungalow,1999.0,4.01,,92068774
HOUSE_0437,Port Harcourt,64.83,5,3,1,Duplex,1992.0,4.35,8.0,93211872
HOUSE_0438,Abuja,118.67,5,2,0,Bungalow,2020.0,16.97,6.0,113837794
HOUSE_0439,Enugu,99.3,2,2,2,Bungalow,2001.0,9.12,16.0,73408624
HOUSE_0440,Lagos,119.34,2,2,0,Bungalow,2013.0,13.94,8.0,127109892
HOUSE_0441,Port Harcourt,221.08,5,1,2,Duplex,2010.0,5.35,10.0,146599529
HOUSE_0442,Port Harcourt,100.42,4,3,1,Bungalow,2012.0,13.22,13.0,105749615
HOUSE_0443,Enugu,147.28,2,4,2,Bungalow,2008.0,17.23,10.0,81851930
HOUSE_0444,Lagos,143.36,5,4,0,Flat,2010.0,6.2,13.0,162766486
HOUSE_0445,Enugu,143.63,1,4,1,Duplex,1994.0,13.54,13.0,87139675
HOUSE_0446,Ibadan,152.82,2,1,2,Duplex,1990.0,10.54,14.0,97256668
HOUSE_0447,Abuja,162.67,1,3,2,Flat,1990.0,13.85,7.0,125988395
HOUSE_0448,Port Harcourt,175.29,4,2,3,Duplex,2014.0,11.24,17.0,133222987
HOUSE_0449,Port Harcourt,113.32,1,4,1,Flat,2018.0,8.73,8.0,108892605
HOUSE_0450,Lagos,168.26,3,1,2,Duplex,1996.0,3.92,8.0,156721715
HOUSE_0451,Abuja,134.75,4,2,0,Bungalow,1995.0,6.03,16.0,140491604
HOUSE_0452,Enugu,121.15,4,1,3,Bungalow,2000.0,14.39,19.0,81670191
HOUSE_0453,Lagos,127.64,1,3,1,Flat,2016.0,8.23,,144113175
HOUSE_0454,Enugu,65.61,3,3,2,Flat,1996.0,11.73,7.0,62677819
HOUSE_0455,Enugu,145.82,5,4,1,Flat,2013.0,18.82,6.0,88726815
HOUSE_0456,Lagos,107.69,3,4,1,Flat,1991.0,9.1,12.0,133337192
HOUSE_0457,Ibadan,129.98,1,4,0,Duplex,2015.0,15.89,21.0,93729053
HOUSE_0458,Ibadan,116.19,1,4,1,Duplex,2014.0,9.4,17.0,89216204
HOUSE_0459,Port Harcourt,144.32,1,3,3,Duplex,2006.0,8.93,13.0,112100273
HOUSE_0460,Enugu,102.14,1,2,0,Flat,2012.0,8.97,,75631472
HOUSE_0461,Enugu,162.95,2,1,3,Bungalow,2016.0,2.87,,109813931
HOUSE_0462,Port Harcourt,125.32,5,2,3,Duplex,1995.0,4.5,18.0,129745636
HOUSE_0463,Lagos,167.8,5,2,0,Duplex,2001.0,0.38,11.0,166929578
HOUSE_0464,Abuja,97.64,2,1,3,Flat,2017.0,9.89,12.0,117807428
HOUSE_0465,Abuja,182.62,5,3,2,Bungalow,1994.0,7.67,8.0,151024559
HOUSE_0466,Enugu,97.79,4,3,2,Bungalow,2019.0,17.41,6.0,75631335
HOUSE_0467,Enugu,62.08,5,4,0,Duplex,1999.0,2.99,10.0,83145673
HOUSE_0468,Enugu,137.6,5,1,0,Bungalow,1996.0,5.49,15.0,104558640
HOUSE_0469,Ibadan,79.15,4,3,3,Bungalow,2021.0,11.54,,83771429
HOUSE_0470,Port Harcourt,129.75,1,2,2,Duplex,1999.0,5.18,18.0,109147871
HOUSE_0471,Port Harcourt,68.79,3,2,0,Bungalow,2020.0,12.36,14.0,87392256
HOUSE_0472,Lagos,146.01,3,3,2,Duplex,2021.0,7.5,9.0,146327306
HOUSE_0473,Abuja,193.87,3,4,2,Duplex,2016.0,2.65,8.0,154125954
HOUSE_0474,Port Harcourt,58.98,2,4,3,Bungalow,2013.0,4.54,7.0,92039438
HOUSE_0475,Abuja,118.18,1,3,3,Flat,,9.22,,112983464
HOUSE_0476,Abuja,110.35,2,2,0,Flat,1992.0,9.76,20.0,115758938
HOUSE_0477,Ibadan,69.94,2,3,2,Duplex,2022.0,15.22,18.0,75174855
HOUSE_0478,Lagos,116.71,1,2,2,Duplex,2018.0,13.59,11.0,127604052
HOUSE_0479,Enugu,133.71,5,3,2,Flat,2006.0,10.28,8.0,92044824
HOUSE_0480,Lagos,142.79,4,1,1,Bungalow,2003.0,10.24,13.0,150849973
HOUSE_0481,Abuja,145.71,2,3,3,Bungalow,1991.0,14.65,6.0,122472149
HOUSE_0482,Abuja,127.86,2,1,1,Duplex,2009.0,11.55,14.0,120901594
HOUSE_0483,Port Harcourt,116.41,3,4,2,Flat,2019.0,15.2,15.0,109365166
HOUSE_0484,Enugu,92.94,5,4,0,Flat,2022.0,17.0,17.0,81250194
HOUSE_0485,Enugu,118.39,5,3,2,Bungalow,1996.0,0.85,21.0,102088796
HOUSE_0486,Ibadan,125.12,3,3,2,Duplex,2009.0,4.59,12.0,98000857
HOUSE_0487,Enugu,153.63,2,1,3,Bungalow,2010.0,4.74,10.0,103682133
HOUSE_0488,Lagos,102.15,4,3,2,Duplex,2015.0,1.45,18.0,154673744
HOUSE_0489,Lagos,101.91,5,2,2,Bungalow,2004.0,4.12,,147132835
HOUSE_0490,Port Harcourt,56.64,3,3,1,Bungalow,2001.0,11.8,15.0,81302867
HOUSE_0491,Port Harcourt,151.43,2,3,1,Bungalow,2011.0,10.13,8.0,111873997
HOUSE_0492,Ibadan,81.32,2,3,3,Duplex,2013.0,7.76,14.0,84874579
HOUSE_0493,Ibadan,119.86,4,1,3,Flat,1994.0,2.21,21.0,104661467
HOUSE_0494,Enugu,180.14,1,4,2,Duplex,1993.0,12.39,10.0,95984182
HOUSE_0495,Abuja,111.16,3,4,3,Flat,2010.0,8.13,11.0,130318965
HOUSE_0496,Lagos,128.34,4,3,1,Duplex,1993.0,2.21,6.0,150949553
HOUSE_0497,Ibadan,110.11,2,2,1,Duplex,1995.0,4.59,10.0,95340775
HOUSE_0498,Port Harcourt,79.94,4,4,3,Duplex,2014.0,6.59,6.0,93302244
HOUSE_0499,Enugu,191.91,2,3,0,Duplex,,11.2,12.0,101728193
HOUSE_0500,Lagos,97.15,2,2,2,Duplex,1998.0,10.86,9.0,123806403
HOUSE_0501,Enugu,175.97,5,3,1,Flat,1992.0,12.62,15.0,108326256
HOUSE_0502,Port Harcourt,122.39,5,3,3,Bungalow,1998.0,4.77,16.0,124934658
HOUSE_0503,Ibadan,147.93,2,2,3,Flat,2004.0,9.97,13.0,105810994
HOUSE_0504,Abuja,155.81,2,1,1,Flat,2013.0,11.18,7.0,126111389
HOUSE_0505,Ibadan,161.98,5,1,0,Bungalow,1996.0,5.32,6.0,106718987
HOUSE_0506,Lagos,172.7,4,4,3,Flat,2006.0,8.99,21.0,173030910
HOUSE_0507,Abuja,203.01,2,1,2,Duplex,1996.0,4.55,,151823116
HOUSE_0508,Enugu,189.44,5,2,3,Flat,2022.0,8.99,9.0,112158525
HOUSE_0509,Lagos,93.94,1,4,1,Bungalow,2002.0,5.58,14.0,140034382
HOUSE_0510,Enugu,107.19,2,3,3,Duplex,2000.0,10.12,7.0,79267379
HOUSE_0511,Port Harcourt,140.91,2,4,2,Flat,1990.0,5.13,6.0,122031830
HOUSE_0512,Lagos,119.03,1,4,1,Flat,2022.0,18.71,8.0,127646418
HOUSE_0513,Lagos,189.1,3,2,3,Duplex,2006.0,10.18,20.0,160309810
HOUSE_0514,Lagos,121.52,2,1,2,Duplex,2010.0,8.6,19.0,145502696
HOUSE_0515,Lagos,144.54,1,1,0,Flat,2000.0,2.89,16.0,149719565
HOUSE_0516,Port Harcourt,109.7,5,3,0,Duplex,2011.0,0.34,11.0,116498512
HOUSE_0517,Port Harcourt,135.97,4,4,2,Duplex,2020.0,11.24,19.0,125386960
HOUSE_0518,Abuja,100.67,1,2,0,Flat,1996.0,15.87,19.0,111002534
HOUSE_0519,Port Harcourt,70.97,5,4,1,Bungalow,2014.0,0.68,17.0,115980172
HOUSE_0520,Lagos,128.98,2,4,3,Flat,2016.0,13.24,20.0,136025612
HOUSE_0521,Lagos,187.36,3,3,0,Bungalow,,5.71,,173065892
HOUSE_0522,Enugu,163.15,2,3,0,Duplex,2005.0,7.81,21.0,106630244
HOUSE_0523,Port Harcourt,113.09,2,1,0,Bungalow,2000.0,12.42,,99252578
HOUSE_0524,Port Harcourt,146.09,2,1,3,Duplex,2005.0,0.12,16.0,124755222
HOUSE_0525,Lagos,179.06,5,2,3,Duplex,2005.0,14.9,8.0,155793893
HOUSE_0526,Port Harcourt,94.98,5,4,0,Duplex,2018.0,9.98,16.0,104357692
HOUSE_0527,Port Harcourt,139.76,1,1,3,Duplex,1992.0,9.3,,111168771
HOUSE_0528,Lagos,97.99,1,3,1,Bungalow,2019.0,4.64,16.0,134423602
HOUSE_0529,Lagos,118.98,2,4,2,Bungalow,2020.0,13.86,17.0,141221278
HOUSE_0530,Port Harcourt,141.74,1,1,1,Flat,2011.0,6.15,17.0,123353543
HOUSE_0531,Ibadan,150.87,5,3,0,Flat,2000.0,6.24,21.0,115272127
HOUSE_0532,Port Harcourt,165.95,1,3,1,Flat,1997.0,0.7,18.0,131659710
HOUSE_0533,Port Harcourt,105.5,2,3,0,Duplex,1992.0,2.4,,105813100
HOUSE_0534,Port Harcourt,68.21,4,2,3,Flat,,13.8,7.0,86796056
HOUSE_0535,Port Harcourt,101.29,5,4,1,Bungalow,2001.0,9.73,10.0,103013530
HOUSE_0536,Port Harcourt,118.12,5,3,3,Duplex,2005.0,10.39,14.0,113950261
HOUSE_0537,Ibadan,123.07,3,4,1,Flat,2016.0,1.59,,104882436
HOUSE_0538,Enugu,159.85,3,2,1,Flat,2008.0,5.53,17.0,112292294
HOUSE_0539,Abuja,57.74,2,3,0,Duplex,2020.0,5.86,,107449573
HOUSE_0540,Port Harcourt,180.03,5,3,3,Flat,,12.25,9.0,124134633
HOUSE_0541,Port Harcourt,106.05,2,1,0,Flat,2007.0,6.25,11.0,100527480
HOUSE_0542,Ibadan,107.13,2,1,2,Flat,,18.38,7.0,70158801
HOUSE_0543,Port Harcourt,135.28,1,2,3,Flat,2022.0,10.15,15.0,114292634
HOUSE_0544,Lagos,161.21,4,4,3,Bungalow,2010.0,9.19,,152498619
HOUSE_0545,Lagos,109.64,3,2,3,Flat,2013.0,7.02,,139820089
HOUSE_0546,Enugu,117.14,2,2,2,Duplex,2001.0,7.81,8.0,78562528
HOUSE_0547,Abuja,149.11,5,1,3,Flat,2017.0,8.26,14.0,142012988
HOUSE_0548,Ibadan,149.31,2,2,2,Flat,2011.0,7.6,20.0,113043571
HOUSE_0549,Abuja,123.15,1,2,2,Bungalow,1993.0,1.99,15.0,131442971
HOUSE_0550,Enugu,156.65,5,3,0,Bungalow,2010.0,9.73,,102042937
HOUSE_0551,Abuja,159.92,5,1,1,Duplex,,6.48,,144164356
HOUSE_0552,Lagos,203.53,3,2,1,Bungalow,2011.0,7.3,16.0,171630428
HOUSE_0553,Ibadan,164.33,2,4,0,Flat,2012.0,2.8,20.0,119186927
HOUSE_0554,Enugu,144.51,5,2,0,Bungalow,2010.0,2.73,18.0,117960963
HOUSE_0555,Lagos,95.05,4,3,2,Flat,,17.57,17.0,128511908
HOUSE_0556,Enugu,112.37,4,4,0,Duplex,2002.0,9.09,16.0,93644168
HOUSE_0557,Lagos,154.8,1,2,0,Bungalow,1994.0,10.48,12.0,148551305
HOUSE_0558,Abuja,126.02,4,1,1,Bungalow,2017.0,9.82,8.0,129152612
HOUSE_0559,Abuja,216.14,1,4,2,Flat,1995.0,7.71,8.0,148606285
HOUSE_0560,Abuja,128.04,3,1,1,Duplex,2016.0,13.25,18.0,124284018
HOUSE_0561,Port Harcourt,164.22,4,3,0,Duplex,1997.0,13.94,,115548330
HOUSE_0562,Enugu,145.55,1,1,0,Duplex,2022.0,2.28,9.0,93468874
HOUSE_0563,Ibadan,185.34,5,1,2,Duplex,2014.0,2.27,18.0,138736965
HOUSE_0564,Lagos,132.11,4,2,1,Flat,2015.0,4.23,,149309813
HOUSE_0565,Abuja,117.43,3,3,0,Bungalow,1999.0,9.64,9.0,115634900
HOUSE_0566,Lagos,132.85,5,4,0,Duplex,2003.0,10.11,17.0,149619357
HOUSE_0567,Port Harcourt,184.55,5,2,1,Flat,2004.0,10.27,14.0,132428209
HOUSE_0568,Lagos,110.23,2,1,3,Bungalow,1994.0,12.82,15.0,132966815
HOUSE_0569,Lagos,167.58,3,1,1,Bungalow,2021.0,1.86,16.0,164012373
HOUSE_0570,Abuja,143.9,2,1,2,Bungalow,1994.0,11.51,12.0,123583163
HOUSE_0571,Port Harcourt,108.1,4,3,2,Bungalow,1999.0,14.88,,104188474
HOUSE_0572,Ibadan,114.0,3,4,1,Flat,2010.0,8.63,13.0,102024410
HOUSE_0573,Abuja,113.08,4,3,2,Flat,2011.0,8.08,21.0,132746301
HOUSE_0574,Port Harcourt,76.15,3,3,3,Bungalow,1996.0,0.8,11.0,108122706
HOUSE_0575,Enugu,183.78,1,3,1,Bungalow,2002.0,3.77,14.0,118505906
HOUSE_0576,Lagos,80.34,1,1,0,Bungalow,2015.0,2.77,,122566038
HOUSE_0577,Lagos,94.44,5,3,3,Bungalow,1999.0,1.38,17.0,148183564
HOUSE_0578,Abuja,185.68,5,3,1,Duplex,2022.0,13.05,,143047456
HOUSE_0579,Port Harcourt,92.47,3,1,1,Bungalow,2000.0,19.26,,80808924
HOUSE_0580,Port Harcourt,159.27,2,2,1,Bungalow,2020.0,6.38,17.0,119966848
HOUSE_0581,Abuja,40.0,4,2,0,Duplex,2013.0,19.45,13.0,80178206
HOUSE_0582,Abuja,64.42,5,3,3,Duplex,2019.0,0.23,7.0,112139474
HOUSE_0583,Ibadan,160.9,1,3,2,Bungalow,,20.2,,87192701
HOUSE_0584,Port Harcourt,175.37,4,3,0,Bungalow,2006.0,10.82,18.0,130435447
HOUSE_0585,Enugu,143.79,4,3,2,Duplex,2020.0,12.27,6.0,93121987
HOUSE_0586,Abuja,150.36,4,2,1,Flat,2022.0,9.41,14.0,134281668
HOUSE_0587,Abuja,124.17,2,2,2,Bungalow,1997.0,7.69,13.0,124986878
HOUSE_0588,Ibadan,89.84,1,4,3,Duplex,2003.0,6.6,,79929758
HOUSE_0589,Port Harcourt,52.28,1,2,0,Flat,2000.0,7.51,10.0,84348539
HOUSE_0590,Enugu,80.46,1,2,0,Flat,2006.0,2.48,11.0,76951516
HOUSE_0591,Port Harcourt,127.2,5,1,2,Flat,2003.0,14.96,20.0,115742333
HOUSE_0592,Port Harcourt,156.73,4,2,1,Duplex,1999.0,0.15,,141641352
HOUSE_0593,Abuja,80.41,5,3,1,Bungalow,2011.0,12.7,20.0,119913375
HOUSE_0594,Enugu,80.7,1,2,3,Duplex,1998.0,6.88,9.0,62167050
HOUSE_0595,Abuja,142.0,5,4,1,Bungalow,1996.0,3.16,11.0,146992489
HOUSE_0596,Enugu,124.22,5,1,0,Flat,2020.0,1.33,10.0,103003881
HOUSE_0597,Enugu,95.95,1,4,3,Duplex,1992.0,9.6,,75957543
HOUSE_0598,Abuja,56.28,4,4,2,Bungalow,1996.0,10.2,19.0,105104272
HOUSE_0599,Ibadan,119.21,4,2,0,Duplex,,10.76,19.0,95538319
HOUSE_0600,Abuja,128.96,1,1,0,Bungalow,1990.0,14.82,18.0,121132258
HOUSE_0601,Abuja,125.01,3,4,2,Flat,1999.0,5.85,19.0,140564773
HOUSE_0602,Enugu,124.89,3,3,3,Bungalow,2013.0,10.72,14.0,93666833
HOUSE_0603,Port Harcourt,121.95,2,4,3,Flat,2013.0,8.2,,113353907
HOUSE_0604,Port Harcourt,91.92,3,3,2,Bungalow,2015.0,4.69,10.0,108605046
HOUSE_0605,Lagos,63.9,2,4,1,Flat,2003.0,16.75,,110183822
HOUSE_0606,Ibadan,70.25,5,1,1,Duplex,1990.0,4.54,8.0,89749848
HOUSE_0607,Abuja,91.26,4,4,0,Flat,2006.0,12.47,13.0,114999879
HOUSE_0608,Lagos,108.2,5,1,3,Duplex,,14.24,15.0,138721468
HOUSE_0609,Enugu,93.06,1,2,3,Duplex,1990.0,9.39,12.0,76023819
HOUSE_0610,Enugu,86.59,3,2,0,Bungalow,2022.0,18.73,,68247183
HOUSE_0611,Abuja,72.5,5,2,0,Duplex,2005.0,9.55,6.0,103655106
HOUSE_0612,Lagos,145.35,3,4,2,Bungalow,2015.0,10.07,18.0,155921669
HOUSE_0613,Abuja,112.59,5,1,0,Flat,2008.0,7.35,,129565955
HOUSE_0614,Ibadan,121.75,3,3,1,Bungalow,2002.0,7.26,20.0,102678624
HOUSE_0615,Enugu,158.56,1,3,1,Duplex,2022.0,19.05,9.0,85406575
HOUSE_0616,Lagos,97.7,5,3,2,Flat,2022.0,1.15,14.0,150239636
HOUSE_0617,Enugu,116.47,3,4,3,Bungalow,2020.0,20.9,13.0,80692343
HOUSE_0618,Ibadan,87.85,4,4,0,Duplex,1997.0,16.2,14.0,74841928
HOUSE_0619,Port Harcourt,187.11,2,2,2,Duplex,2012.0,5.23,,136398558
HOUSE_0620,Lagos,142.76,3,2,2,Flat,2015.0,16.14,16.0,134973314
HOUSE_0621,Enugu,104.83,2,4,2,Duplex,2003.0,6.98,,82030553
HOUSE_0622,Abuja,96.73,2,4,1,Flat,2005.0,2.93,14.0,121209636
HOUSE_0623,Abuja,94.03,2,2,2,Flat,1996.0,1.88,9.0,113370916
HOUSE_0624,Port Harcourt,121.36,5,1,0,Duplex,2013.0,4.15,16.0,122357268
HOUSE_0625,Enugu,129.35,3,4,1,Bungalow,2007.0,0.22,18.0,104035100
HOUSE_0626,Enugu,133.24,2,1,3,Duplex,,12.17,7.0,82158458
HOUSE_0627,Ibadan,40.25,4,2,3,Flat,,9.87,20.0,70539450
HOUSE_0628,Lagos,169.11,1,2,3,Bungalow,1996.0,1.95,16.0,161014045
HOUSE_0629,Enugu,186.9,3,2,2,Flat,2007.0,10.1,21.0,117681856
HOUSE_0630,Ibadan,91.8,3,2,3,Duplex,2003.0,7.72,19.0,94521841
HOUSE_0631,Ibadan,142.33,3,4,2,Duplex,2001.0,8.38,,100660726
HOUSE_0632,Enugu,141.55,2,1,2,Flat,2017.0,3.4,18.0,97051977
HOUSE_0633,Abuja,126.77,2,4,0,Flat,2016.0,0.93,21.0,137111111
HOUSE_0634,Enugu,115.55,5,3,3,Duplex,2006.0,3.48,,100993517
HOUSE_0635,Lagos,90.58,4,1,1,Flat,2003.0,14.18,14.0,125581584
HOUSE_0636,Lagos,163.65,4,3,2,Duplex,2013.0,11.05,,158071496
HOUSE_0637,Ibadan,76.31,3,1,3,Flat,2012.0,6.42,12.0,82881621
HOUSE_0638,Enugu,168.52,5,2,2,Duplex,2010.0,8.71,,110410154
HOUSE_0639,Port Harcourt,212.77,1,4,2,Duplex,1999.0,9.97,11.0,141353772
HOUSE_0640,Ibadan,127.68,4,4,0,Flat,2000.0,6.45,16.0,104377548
HOUSE_0641,Ibadan,125.34,3,3,2,Bungalow,2015.0,7.24,14.0,101045728
HOUSE_0642,Ibadan,148.32,5,4,3,Flat,2001.0,12.78,6.0,98775342
HOUSE_0643,Abuja,88.56,3,1,1,Flat,2015.0,1.34,9.0,113391272
HOUSE_0644,Lagos,46.55,4,1,0,Duplex,,10.54,8.0,104688753
HOUSE_0645,Ibadan,75.87,5,2,0,Bungalow,2014.0,2.76,15.0,89588821
HOUSE_0646,Abuja,135.54,3,4,1,Flat,,20.46,11.0,111467446
HOUSE_0647,Lagos,119.76,3,3,3,Duplex,,12.19,14.0,139890069
HOUSE_0648,Port Harcourt,123.27,2,2,3,Bungalow,2017.0,7.51,,113067447
HOUSE_0649,Enugu,156.76,3,3,3,Bungalow,2004.0,6.55,8.0,102220255
HOUSE_0650,Ibadan,130.7,3,4,2,Flat,2009.0,9.61,6.0,89313041
HOUSE_0651,Enugu,93.28,2,3,2,Duplex,,12.96,6.0,72733598
HOUSE_0652,Port Harcourt,113.0,4,3,0,Duplex,2008.0,4.22,13.0,123154101
HOUSE_0653,Lagos,141.46,5,3,1,Duplex,2017.0,3.51,18.0,160291698
HOUSE_0654,Abuja,121.13,4,4,1,Duplex,1995.0,7.95,19.0,138745715
HOUSE_0655,Abuja,163.44,5,3,2,Bungalow,,10.37,14.0,145085914
HOUSE_0656,Abuja,119.0,1,2,1,Duplex,1997.0,12.09,20.0,123005401
HOUSE_0657,Port Harcourt,175.61,3,4,1,Duplex,1991.0,10.79,10.0,121847592
HOUSE_0658,Enugu,120.41,1,2,0,Duplex,2007.0,1.44,10.0,94915932
HOUSE_0659,Port Harcourt,77.4,1,2,0,Flat,1990.0,6.47,21.0,94068219
HOUSE_0660,Ibadan,95.62,4,3,3,Duplex,2019.0,7.07,7.0,87223481
HOUSE_0661,Lagos,122.27,2,1,2,Duplex,1994.0,10.65,,134600852
HOUSE_0662,Abuja,117.18,2,3,3,Flat,1997.0,10.43,13.0,120252854
HOUSE_0663,Port Harcourt,122.58,2,1,1,Duplex,1996.0,1.88,,118520399
HOUSE_0664,Abuja,82.43,4,4,2,Duplex,2000.0,7.28,7.0,120807709
HOUSE_0665,Enugu,71.61,5,1,2,Duplex,2009.0,11.0,12.0,70111228
HOUSE_0666,Lagos,181.23,2,1,1,Bungalow,2017.0,14.09,16.0,145875305
HOUSE_0667,Abuja,111.46,3,1,3,Flat,1990.0,15.45,7.0,111420653
HOUSE_0668,Port Harcourt,125.95,5,2,2,Flat,2005.0,6.31,11.0,119996596
HOUSE_0669,Lagos,95.46,5,3,0,Flat,2012.0,6.49,10.0,143390695
HOUSE_0670,Enugu,104.47,1,2,3,Flat,2010.0,8.85,,82875396
HOUSE_0671,Ibadan,126.42,4,2,0,Bungalow,2014.0,8.02,17.0,107977436
HOUSE_0672,Abuja,137.48,3,1,3,Bungalow,2018.0,13.95,,120521624
HOUSE_0673,Enugu,157.98,4,2,1,Bungalow,2012.0,0.58,16.0,120485430
HOUSE_0674,Port Harcourt,40.0,3,2,0,Bungalow,1999.0,12.67,20.0,79256564
HOUSE_0675,Ibadan,65.32,5,3,3,Flat,2022.0,6.88,18.0,92716432
HOUSE_0676,Abuja,73.2,1,3,1,Duplex,1994.0,1.01,,120347791
HOUSE_0677,Port Harcourt,141.66,2,4,1,Bungalow,2008.0,11.8,16.0,115895857
HOUSE_0678,Ibadan,96.94,1,1,0,Flat,1998.0,4.96,11.0,77101540
HOUSE_0679,Abuja,98.15,1,4,1,Flat,1992.0,9.96,,116867383
HOUSE_0680,Port Harcourt,60.84,4,3,0,Duplex,2004.0,8.92,8.0,83110786
HOUSE_0681,Abuja,119.39,4,1,3,Bungalow,1993.0,10.9,17.0,127767682
HOUSE_0682,Port Harcourt,124.78,3,1,2,Bungalow,1992.0,3.13,8.0,120717981
HOUSE_0683,Ibadan,167.86,1,2,0,Flat,2004.0,7.21,,107264783
HOUSE_0684,Abuja,118.91,2,2,1,Bungalow,2016.0,3.33,9.0,131877838
HOUSE_0685,Enugu,102.27,3,4,3,Flat,2000.0,3.58,11.0,91824937
HOUSE_0686,Port Harcourt,113.08,5,3,1,Bungalow,2018.0,16.56,17.0,105194178
HOUSE_0687,Enugu,65.12,3,3,3,Bungalow,2017.0,0.07,16.0,85516865
HOUSE_0688,Abuja,178.85,5,2,3,Bungalow,2006.0,6.95,17.0,155546454
HOUSE_0689,Port Harcourt,93.24,4,1,0,Duplex,1991.0,13.2,,90759343
HOUSE_0690,Ibadan,95.78,1,3,1,Flat,2010.0,17.13,6.0,74509391
HOUSE_0691,Ibadan,147.12,5,2,0,Flat,2019.0,5.56,17.0,111138004
HOUSE_0692,Abuja,206.29,3,3,1,Flat,2006.0,4.97,15.0,156780226
HOUSE_0693,Enugu,149.68,4,2,0,Bungalow,2010.0,9.5,21.0,100490157
HOUSE_0694,Port Harcourt,172.07,5,1,2,Flat,2014.0,15.81,8.0,126140651
HOUSE_0695,Lagos,121.28,3,3,3,Duplex,1997.0,4.23,13.0,152716024
HOUSE_0696,Enugu,138.4,1,4,0,Duplex,,4.61,7.0,91964852
HOUSE_0697,Enugu,200.54,5,2,2,Bungalow,2004.0,8.68,10.0,113119002
HOUSE_0698,Port Harcourt,105.39,4,1,1,Duplex,2008.0,8.92,18.0,103964734
HOUSE_0699,Abuja,66.11,3,1,3,Bungalow,1993.0,3.14,,110269549
HOUSE_0700,Ibadan,168.02,1,4,3,Bungalow,1998.0,4.72,10.0,113710334
HOUSE_0701,Enugu,78.12,2,4,3,Bungalow,2002.0,10.68,,74061957
HOUSE_0702,Enugu,167.43,2,2,0,Duplex,2017.0,11.59,16.0,104779854
HOUSE_0703,Enugu,159.84,1,1,3,Duplex,2013.0,4.22,17.0,99276554
HOUSE_0704,Ibadan,63.13,3,1,2,Flat,2012.0,15.51,20.0,72937911
HOUSE_0705,Abuja,107.09,4,1,1,Flat,2013.0,6.75,10.0,127595145
HOUSE_0706,Lagos,173.13,1,1,1,Bungalow,1999.0,10.78,15.0,143889123
HOUSE_0707,Ibadan,138.24,1,3,3,Duplex,1991.0,18.83,16.0,83893026
HOUSE_0708,Enugu,94.26,2,2,2,Bungalow,2020.0,12.64,10.0,74484102
HOUSE_0709,Lagos,122.28,4,1,2,Flat,1993.0,9.34,15.0,138457304
HOUSE_0710,Enugu,181.14,3,1,3,Bungalow,1990.0,10.54,8.0,102070940
HOUSE_0711,Ibadan,141.53,3,1,0,Duplex,2014.0,13.36,13.0,94691251
HOUSE_0712,Enugu,105.4,1,3,3,Bungalow,,3.8,8.0,78258225
HOUSE_0713,Abuja,78.21,5,4,0,Flat,2005.0,1.83,,123992505
HOUSE_0714,Ibadan,202.25,4,4,1,Flat,2012.0,2.48,17.0,137973154
HOUSE_0715,Ibadan,111.15,2,3,0,Bungalow,2006.0,6.62,18.0,102929508
HOUSE_0716,Lagos,132.3,5,3,1,Flat,2011.0,12.08,18.0,153629179
HOUSE_0717,Abuja,154.42,1,4,1,Duplex,2005.0,5.08,,134213333
HOUSE_0718,Port Harcourt,113.32,3,3,3,Bungalow,1998.0,9.41,12.0,111514970
HOUSE_0719,Abuja,110.05,5,2,1,Duplex,,16.04,10.0,115985605
HOUSE_0720,Abuja,139.64,5,2,2,Flat,,11.67,9.0,126858925
HOUSE_0721,Ibadan,146.52,2,1,2,Duplex,2016.0,13.87,15.0,95568718
HOUSE_0722,Ibadan,127.24,2,2,0,Flat,2001.0,1.52,6.0,105102047
HOUSE_0723,Enugu,135.99,5,3,1,Bungalow,2004.0,4.74,13.0,109239918
HOUSE_0724,Lagos,98.86,3,1,3,Flat,2022.0,10.93,21.0,138029064
HOUSE_0725,Ibadan,169.53,2,4,3,Duplex,1998.0,8.11,11.0,108446324
HOUSE_0726,Abuja,132.35,1,4,0,Duplex,2016.0,16.51,13.0,123266507
HOUSE_0727,Abuja,129.63,2,1,1,Duplex,2021.0,21.01,16.0,111934874
HOUSE_0728,Abuja,142.62,4,4,0,Bungalow,2014.0,0.8,16.0,149169886
HOUSE_0729,Enugu,150.13,5,1,0,Duplex,2019.0,9.91,7.0,93977307
HOUSE_0730,Enugu,171.59,5,4,0,Bungalow,2014.0,11.37,,115949790
HOUSE_0731,Lagos,114.46,2,3,3,Duplex,2009.0,1.88,15.0,147045737
HOUSE_0732,Abuja,111.64,4,3,0,Bungalow,,3.75,10.0,130851238
HOUSE_0733,Port Harcourt,96.78,1,1,1,Bungalow,,10.94,10.0,90339236
HOUSE_0734,Port Harcourt,186.8,3,4,0,Flat,2019.0,9.97,,139070684
HOUSE_0735,Abuja,72.16,4,1,2,Duplex,2000.0,10.22,9.0,99423572
HOUSE_0736,Lagos,167.87,4,3,0,Bungalow,2014.0,4.95,,167781713
HOUSE_0737,Abuja,114.64,4,4,0,Flat,2011.0,8.07,,132704841
HOUSE_0738,Abuja,88.6,2,2,1,Bungalow,1993.0,11.24,19.0,110091849
HOUSE_0739,Ibadan,115.16,4,3,1,Flat,1998.0,10.1,12.0,87945997
HOUSE_0740,Enugu,84.5,3,1,3,Duplex,2021.0,5.81,,83349948
HOUSE_0741,Lagos,148.9,5,4,1,Flat,2020.0,6.14,20.0,165126537
HOUSE_0742,Port Harcourt,189.08,1,1,1,Bungalow,2007.0,6.0,,136936846
HOUSE_0743,Abuja,128.99,1,2,1,Flat,2012.0,12.66,7.0,110092563
HOUSE_0744,Lagos,63.27,5,3,2,Flat,1993.0,0.8,9.0,133578255
HOUSE_0745,Abuja,58.97,2,3,1,Duplex,2013.0,14.31,7.0,86731210
HOUSE_0746,Ibadan,97.93,3,3,3,Flat,2017.0,20.79,,67615260
HOUSE_0747,Ibadan,97.43,4,2,0,Bungalow,2007.0,8.92,16.0,92839010
HOUSE_0748,Port Harcourt,181.68,5,2,1,Bungalow,1993.0,18.03,9.0,125439487
HOUSE_0749,Enugu,202.46,1,4,2,Duplex,2010.0,14.04,14.0,110727652
HOUSE_0750,Enugu,160.96,5,3,1,Bungalow,2021.0,10.96,,110618564
HOUSE_0751,Port Harcourt,151.13,4,2,1,Bungalow,2008.0,5.24,12.0,119835578
HOUSE_0752,Lagos,87.27,1,4,0,Bungalow,2003.0,7.98,19.0,130815672
HOUSE_0753,Lagos,113.19,3,3,1,Flat,2002.0,5.73,15.0,141009832
HOUSE_0754,Lagos,147.86,3,3,2,Flat,1997.0,12.78,16.0,146740521
HOUSE_0755,Port Harcourt,123.54,5,1,1,Flat,2011.0,15.39,16.0,112651920
HOUSE_0756,Port Harcourt,74.33,4,1,1,Duplex,1999.0,7.03,20.0,103089172
HOUSE_0757,Ibadan,91.33,4,4,0,Bungalow,2009.0,1.33,,103731367
HOUSE_0758,Ibadan,116.69,5,1,1,Bungalow,2011.0,7.39,17.0,95285340
HOUSE_0759,Abuja,180.54,3,1,2,Duplex,,11.15,11.0,142987778
HOUSE_0760,Enugu,79.03,4,2,0,Duplex,2010.0,17.27,7.0,59692354
HOUSE_0761,Port Harcourt,168.84,1,4,1,Duplex,2018.0,10.91,15.0,120128696
HOUSE_0762,Enugu,110.94,3,2,0,Duplex,1992.0,3.2,12.0,85242861
HOUSE_0763,Port Harcourt,105.11,5,1,3,Bungalow,1999.0,13.44,12.0,100567302
HOUSE_0764,Port Harcourt,195.38,5,3,2,Flat,1996.0,15.72,,138073640
HOUSE_0765,Abuja,100.45,2,1,3,Duplex,,2.4,9.0,112245060
HOUSE_0766,Ibadan,125.64,1,1,2,Duplex,1992.0,0.84,9.0,99098251
HOUSE_0767,Ibadan,132.93,1,3,1,Duplex,2002.0,7.26,12.0,94820149
HOUSE_0768,Ibadan,101.36,5,3,3,Bungalow,1997.0,0.03,14.0,101344674
HOUSE_0769,Abuja,140.54,3,1,0,Bungalow,2022.0,5.34,9.0,128648194
HOUSE_0770,Enugu,73.2,3,3,2,Flat,2008.0,6.36,,72296647
HOUSE_0771,Abuja,118.9,1,3,2,Bungalow,2018.0,16.86,7.0,102765070
HOUSE_0772,Lagos,186.45,4,1,0,Duplex,1993.0,5.71,8.0,164860536
HOUSE_0773,Port Harcourt,95.91,2,4,2,Duplex,2011.0,10.34,12.0,104321486
HOUSE_0774,Enugu,80.06,1,4,1,Flat,2019.0,9.51,9.0,69154037
HOUSE_0775,Ibadan,150.64,4,4,1,Flat,1999.0,14.13,14.0,104266791
HOUSE_0776,Port Harcourt,115.99,2,3,2,Duplex,2021.0,6.98,6.0,99418488
HOUSE_0777,Port Harcourt,84.88,1,3,3,Duplex,2000.0,3.87,15.0,106948163
HOUSE_0778,Ibadan,110.94,5,2,0,Duplex,1996.0,9.84,16.0,99451941
HOUSE_0779,Lagos,156.54,3,4,3,Bungalow,2016.0,3.98,13.0,164730735
HOUSE_0780,Abuja,179.71,5,2,3,Duplex,1994.0,6.64,16.0,151523295
HOUSE_0781,Enugu,119.15,4,4,2,Bungalow,2005.0,4.26,11.0,101305645
HOUSE_0782,Lagos,40.0,5,4,0,Bungalow,2019.0,12.42,16.0,119508826
HOUSE_0783,Lagos,149.47,4,2,2,Duplex,1994.0,6.59,9.0,157308741
HOUSE_0784,Enugu,122.68,4,3,3,Bungalow,1993.0,10.58,8.0,84192789
HOUSE_0785,Abuja,57.5,5,1,1,Bungalow,1999.0,5.35,20.0,116617351
HOUSE_0786,Ibadan,151.77,4,4,1,Flat,2010.0,1.73,15.0,123611355
HOUSE_0787,Ibadan,131.74,4,3,0,Bungalow,1990.0,1.22,,111127118
HOUSE_0788,Abuja,138.66,3,1,2,Bungalow,1993.0,7.82,6.0,131546343
HOUSE_0789,Enugu,55.39,3,1,2,Flat,2005.0,13.82,19.0,65985482
HOUSE_0790,Enugu,90.62,4,3,3,Duplex,2014.0,3.95,19.0,93021292
HOUSE_0791,Abuja,128.02,2,4,1,Flat,2014.0,13.74,17.0,124520018
HOUSE_0792,Abuja,79.37,3,2,1,Flat,1994.0,8.31,6.0,102322344
HOUSE_0793,Port Harcourt,137.15,4,2,0,Flat,2016.0,11.47,20.0,125475453
HOUSE_0794,Enugu,127.06,4,2,3,Bungalow,2017.0,6.16,,102036696
HOUSE_0795,Port Harcourt,86.9,4,3,1,Flat,2017.0,8.43,6.0,101093935
HOUSE_0796,Port Harcourt,77.11,2,3,3,Bungalow,2013.0,6.61,7.0,86393322
HOUSE_0797,Enugu,137.46,4,3,0,Bungalow,2020.0,12.52,8.0,85771669
HOUSE_0798,Enugu,40.0,3,4,0,Bungalow,1995.0,2.95,13.0,70686422
HOUSE_0799,Lagos,144.77,5,3,0,Duplex,,18.29,6.0,140186472
HOUSE_0800,Port Harcourt,120.83,5,4,2,Duplex,2012.0,4.36,15.0,122411223
HOUSE_0801,Abuja,112.68,1,3,2,Flat,2020.0,14.87,,106632127
HOUSE_0802,Enugu,94.16,1,3,0,Duplex,2021.0,4.0,8.0,73084209
HOUSE_0803,Enugu,100.69,1,3,2,Flat,2007.0,3.23,14.0,82076591
HOUSE_0804,Lagos,124.91,1,2,1,Bungalow,2018.0,16.12,17.0,136626701
HOUSE_0805,Abuja,132.92,3,2,3,Flat,,6.74,7.0,126887143
HOUSE_0806,Lagos,108.33,2,2,3,Duplex,2014.0,0.18,13.0,147582799
HOUSE_0807,Port Harcourt,155.32,2,2,2,Flat,2006.0,7.61,9.0,112512729
HOUSE_0808,Abuja,112.78,4,4,3,Duplex,2020.0,23.97,,105829467
HOUSE_0809,Port Harcourt,131.95,4,4,2,Flat,,4.24,19.0,121693568
HOUSE_0810,Ibadan,102.95,4,4,2,Bungalow,1992.0,13.74,9.0,87856616
HOUSE_0811,Ibadan,124.53,4,3,2,Duplex,2007.0,0.81,9.0,104797745
HOUSE_0812,Enugu,156.77,4,4,1,Bungalow,2002.0,4.66,,109137948
HOUSE_0813,Abuja,194.93,3,1,0,Flat,1990.0,13.4,19.0,142185281
HOUSE_0814,Enugu,102.11,1,4,2,Flat,2008.0,14.41,14.0,69584830
HOUSE_0815,Lagos,122.71,1,1,0,Bungalow,2003.0,12.26,9.0,132517505
HOUSE_0816,Lagos,139.39,1,2,3,Bungalow,2001.0,3.77,9.0,149833390
HOUSE_0817,Abuja,94.26,3,3,3,Bungalow,1994.0,13.15,20.0,113847248
HOUSE_0818,Port Harcourt,106.61,3,3,1,Flat,2007.0,5.98,7.0,105759446
HOUSE_0819,Port Harcourt,81.8,3,1,2,Duplex,2001.0,10.12,20.0,91648596
HOUSE_0820,Port Harcourt,202.5,2,4,1,Bungalow,2021.0,2.66,9.0,139497129
HOUSE_0821,Enugu,120.97,4,2,0,Duplex,2006.0,15.06,9.0,74251940
HOUSE_0822,Lagos,116.81,1,3,3,Flat,2021.0,10.26,10.0,135526282
HOUSE_0823,Lagos,77.5,1,4,2,Flat,2011.0,10.14,18.0,126899353
HOUSE_0824,Lagos,112.51,5,4,3,Duplex,2015.0,12.93,8.0,139225836
HOUSE_0825,Abuja,167.5,1,4,3,Flat,,20.95,17.0,125777594
HOUSE_0826,Ibadan,143.19,4,1,0,Duplex,,9.63,16.0,99008704
HOUSE_0827,Port Harcourt,127.78,3,2,1,Bungalow,1992.0,6.23,18.0,122630658
HOUSE_0828,Abuja,133.54,3,4,0,Bungalow,2012.0,6.52,21.0,134438529
HOUSE_0829,Port Harcourt,126.74,2,2,0,Flat,1991.0,14.59,,99051569
HOUSE_0830,Port Harcourt,79.74,4,1,2,Duplex,,13.7,20.0,88243857
HOUSE_0831,Lagos,172.68,3,1,2,Bungalow,1992.0,7.41,18.0,156330460
HOUSE_0832,Abuja,40.0,5,4,1,Bungalow,2004.0,4.96,8.0,99966704
HOUSE_0833,Abuja,171.88,4,1,3,Bungalow,1992.0,7.89,13.0,149755731
HOUSE_0834,Abuja,80.03,1,2,0,Duplex,1996.0,5.48,20.0,117188436
HOUSE_0835,Abuja,153.62,5,1,0,Flat,2021.0,10.73,13.0,131751491
HOUSE_0836,Abuja,110.44,4,3,3,Duplex,1997.0,6.17,,130109377
HOUSE_0837,Abuja,104.33,3,2,0,Bungalow,2001.0,3.39,16.0,121608072
HOUSE_0838,Lagos,184.62,3,2,3,Flat,2013.0,6.39,,160415602
HOUSE_0839,Port Harcourt,168.69,2,1,1,Flat,2014.0,15.61,11.0,106670452
HOUSE_0840,Port Harcourt,159.93,1,1,0,Flat,1995.0,5.84,,117928577
HOUSE_0841,Port Harcourt,136.15,4,2,1,Flat,2007.0,7.88,,118953000
HOUSE_0842,Port Harcourt,83.85,2,2,0,Bungalow,2001.0,9.62,21.0,101672664
HOUSE_0843,Lagos,72.84,3,3,3,Flat,2005.0,13.94,12.0,112936896
HOUSE_0844,Enugu,101.42,1,3,1,Duplex,2003.0,9.01,14.0,71973707
HOUSE_0845,Abuja,131.33,1,2,3,Duplex,2001.0,6.71,11.0,129257157
HOUSE_0846,Lagos,143.47,1,3,2,Flat,2017.0,5.63,14.0,147466246
HOUSE_0847,Enugu,154.85,4,1,0,Bungalow,1993.0,1.27,,105325066
HOUSE_0848,Abuja,125.06,1,4,0,Flat,2005.0,17.69,20.0,120985281
HOUSE_0849,Enugu,79.99,3,4,1,Bungalow,2010.0,4.61,13.0,87832397
HOUSE_0850,Lagos,140.56,3,2,0,Flat,2016.0,8.9,12.0,145515096
HOUSE_0851,Abuja,134.03,1,4,3,Flat,2017.0,10.45,10.0,120495470
HOUSE_0852,Enugu,145.39,4,2,3,Duplex,1998.0,13.55,20.0,102702696
HOUSE_0853,Abuja,136.39,3,3,1,Duplex,1998.0,6.79,7.0,135402826
HOUSE_0854,Enugu,146.9,1,3,1,Flat,2019.0,17.5,20.0,87432662
HOUSE_0855,Abuja,114.69,3,2,2,Bungalow,2000.0,3.13,11.0,131186395
HOUSE_0856,Enugu,164.28,2,1,3,Bungalow,2021.0,7.4,12.0,103244209
HOUSE_0857,Port Harcourt,40.0,4,3,0,Bungalow,2017.0,12.24,13.0,78769921
HOUSE_0858,Ibadan,98.59,4,2,1,Bungalow,1990.0,7.55,19.0,88587363
HOUSE_0859,Lagos,133.28,4,1,3,Bungalow,2015.0,8.95,21.0,156592512
HOUSE_0860,Lagos,148.38,4,4,1,Flat,1990.0,5.82,19.0,159005866
HOUSE_0861,Abuja,140.52,3,3,1,Bungalow,1995.0,6.7,6.0,132792903
HOUSE_0862,Ibadan,149.55,2,4,0,Duplex,2019.0,11.08,10.0,105843991
HOUSE_0863,Port Harcourt,82.58,2,3,3,Bungalow,1990.0,13.43,8.0,86545060
HOUSE_0864,Ibadan,98.56,5,1,2,Duplex,2007.0,12.04,,88899258
HOUSE_0865,Abuja,134.69,1,3,0,Bungalow,2013.0,17.19,7.0,107575731
HOUSE_0866,Port Harcourt,111.06,3,4,0,Duplex,2013.0,6.25,11.0,115346008
HOUSE_0867,Enugu,119.22,1,2,1,Duplex,2005.0,6.48,,79557306
HOUSE_0868,Port Harcourt,152.0,5,2,1,Duplex,2012.0,0.08,14.0,138451621
HOUSE_0869,Port Harcourt,77.85,3,1,0,Duplex,2012.0,2.66,20.0,106213979
HOUSE_0870,Enugu,158.01,5,1,3,Bungalow,,16.55,,92547688
HOUSE_0871,Port Harcourt,115.82,5,3,0,Flat,2019.0,7.16,8.0,108090746
HOUSE_0872,Port Harcourt,122.8,2,3,0,Flat,2000.0,13.81,14.0,99188190
HOUSE_0873,Abuja,82.91,4,2,1,Bungalow,1991.0,9.19,15.0,114977381
HOUSE_0874,Enugu,159.01,2,4,2,Duplex,2018.0,10.51,6.0,93531606
HOUSE_0875,Abuja,127.58,1,1,1,Bungalow,2011.0,13.01,19.0,122151194
HOUSE_0876,Ibadan,40.0,3,4,3,Duplex,2009.0,11.39,,61245824
HOUSE_0877,Ibadan,93.84,2,3,1,Duplex,2013.0,1.15,15.0,100877197
HOUSE_0878,Lagos,140.45,2,3,2,Duplex,2000.0,14.87,11.0,142355062
HOUSE_0879,Enugu,114.5,3,2,1,Bungalow,1999.0,12.76,11.0,76855109
HOUSE_0880,Lagos,184.49,1,3,1,Duplex,2006.0,14.57,17.0,150383234
HOUSE_0881,Abuja,185.6,5,1,2,Duplex,1999.0,11.71,17.0,150630894
HOUSE_0882,Enugu,123.02,2,3,0,Flat,2015.0,0.01,21.0,109037665
HOUSE_0883,Abuja,110.16,4,3,1,Flat,,3.78,,129277091
HOUSE_0884,Ibadan,206.84,4,3,1,Bungalow,2018.0,7.12,16.0,137511165
HOUSE_0885,Lagos,124.93,4,1,1,Bungalow,1997.0,10.76,15.0,134728868
HOUSE_0886,Port Harcourt,121.74,5,2,3,Duplex,1995.0,16.48,16.0,101857745
HOUSE_0887,Enugu,95.09,2,2,2,Flat,1991.0,8.97,8.0,75351967
HOUSE_0888,Port Harcourt,90.3,1,4,1,Duplex,2010.0,1.4,,99565733
HOUSE_0889,Ibadan,95.53,4,2,3,Duplex,2014.0,7.81,17.0,85467759
HOUSE_0890,Ibadan,102.83,3,3,2,Duplex,1995.0,4.54,12.0,99953120
HOUSE_0891,Port Harcourt,63.75,4,4,2,Flat,2017.0,7.58,19.0,95957112
HOUSE_0892,Enugu,59.81,5,1,1,Flat,2009.0,11.8,21.0,73187003
HOUSE_0893,Ibadan,123.3,1,4,0,Flat,2016.0,0.71,14.0,104156547
HOUSE_0894,Abuja,107.63,5,4,1,Flat,2001.0,4.24,18.0,134739458
HOUSE_0895,Enugu,132.77,4,1,2,Bungalow,2009.0,14.7,21.0,93311622
HOUSE_0896,Port Harcourt,44.99,2,1,0,Flat,2006.0,8.58,15.0,84698318
HOUSE_0897,Port Harcourt,113.59,1,3,3,Flat,2021.0,11.36,13.0,94403327
HOUSE_0898,Lagos,128.53,3,4,0,Bungalow,2013.0,4.24,,151657967
HOUSE_0899,Enugu,107.24,4,3,3,Bungalow,1997.0,4.02,17.0,97008001
HOUSE_0900,Enugu,163.04,1,3,1,Bungalow,1993.0,8.11,10.0,96695458
HOUSE_0901,Port Harcourt,196.05,2,3,1,Flat,2007.0,7.7,17.0,139114946
HOUSE_0902,Ibadan,91.66,1,3,2,Bungalow,1994.0,0.43,,87017978
HOUSE_0903,Abuja,47.87,1,2,2,Duplex,2009.0,0.08,14.0,110059881
HOUSE_0904,Ibadan,130.69,1,3,1,Flat,1998.0,10.54,,90013179
HOUSE_0905,Ibadan,56.75,4,4,2,Flat,1996.0,12.48,12.0,68680331
HOUSE_0906,Enugu,100.68,2,2,0,Duplex,2019.0,8.73,8.0,70516792
HOUSE_0907,Abuja,184.49,1,4,2,Duplex,2013.0,12.48,10.0,145802722
HOUSE_0908,Port Harcourt,109.26,5,3,1,Bungalow,2009.0,3.54,6.0,120082539
HOUSE_0909,Lagos,40.0,2,2,1,Bungalow,2004.0,4.4,15.0,110822926
HOUSE_0910,Abuja,111.55,2,1,3,Bungalow,1997.0,3.06,8.0,114987695
HOUSE_0911,Port Harcourt,114.75,4,1,1,Flat,1992.0,8.38,,111758246
HOUSE_0912,Lagos,111.01,4,1,2,Flat,1994.0,4.75,15.0,147852257
HOUSE_0913,Lagos,126.75,1,1,1,Bungalow,2002.0,10.21,11.0,136959976
HOUSE_0914,Ibadan,76.38,1,1,1,Bungalow,2007.0,15.05,,63710140
HOUSE_0915,Ibadan,116.06,2,2,0,Flat,1990.0,8.09,,87752389
HOUSE_0916,Abuja,148.33,3,2,0,Bungalow,1996.0,9.17,12.0,135069993
HOUSE_0917,Port Harcourt,158.13,3,2,3,Bungalow,1996.0,9.44,11.0,120068843
HOUSE_0918,Port Harcourt,95.5,4,2,1,Duplex,1997.0,9.81,16.0,99327798
HOUSE_0919,Port Harcourt,74.25,1,2,3,Duplex,2008.0,8.54,,93555274
HOUSE_0920,Lagos,118.67,1,3,3,Flat,2014.0,6.96,15.0,139849057
HOUSE_0921,Enugu,114.86,3,4,1,Bungalow,2016.0,1.41,15.0,99188479
HOUSE_0922,Abuja,98.05,1,4,2,Flat,1990.0,8.46,21.0,124541742
HOUSE_0923,Lagos,126.39,4,4,0,Flat,1999.0,2.86,18.0,157327349
HOUSE_0924,Enugu,170.63,1,2,0,Duplex,2002.0,3.67,16.0,104775772
HOUSE_0925,Enugu,158.78,4,1,1,Duplex,2021.0,10.14,14.0,107135900
HOUSE_0926,Enugu,94.15,5,3,3,Duplex,2020.0,16.88,18.0,79625929
HOUSE_0927,Enugu,72.25,3,2,3,Flat,1997.0,12.6,14.0,68278870
HOUSE_0928,Port Harcourt,160.02,2,2,0,Flat,1993.0,4.65,8.0,124585468
HOUSE_0929,Lagos,175.7,2,4,2,Flat,2009.0,6.75,9.0,165548074
HOUSE_0930,Lagos,131.55,5,4,3,Flat,2008.0,9.3,21.0,157206746
HOUSE_0931,Enugu,114.63,3,3,0,Flat,2017.0,12.05,9.0,80495918
HOUSE_0932,Port Harcourt,151.74,3,4,3,Duplex,1992.0,0.74,7.0,125888214
HOUSE_0933,Enugu,172.17,3,2,3,Duplex,1998.0,0.31,15.0,122396605
HOUSE_0934,Port Harcourt,161.3,4,1,3,Bungalow,,13.63,,119681890
HOUSE_0935,Port Harcourt,76.36,5,2,0,Duplex,2006.0,5.95,21.0,110602560
HOUSE_0936,Port Harcourt,75.77,5,3,2,Duplex,1993.0,6.93,6.0,101710466
HOUSE_0937,Lagos,107.68,2,3,2,Bungalow,1991.0,11.9,16.0,131892481
HOUSE_0938,Lagos,172.41,4,3,2,Duplex,2012.0,14.98,7.0,155162088
HOUSE_0939,Abuja,97.51,2,2,2,Bungalow,1995.0,6.95,8.0,111705229
HOUSE_0940,Lagos,52.66,3,2,0,Bungalow,2010.0,3.97,7.0,119100641
HOUSE_0941,Port Harcourt,158.59,5,4,2,Flat,2020.0,16.08,,115284987
HOUSE_0942,Ibadan,70.63,4,4,2,Bungalow,1996.0,5.04,21.0,86949787
HOUSE_0943,Abuja,118.94,3,4,2,Flat,2009.0,9.4,17.0,129365036
HOUSE_0944,Abuja,87.62,4,1,1,Duplex,2006.0,10.12,7.0,107209756
HOUSE_0945,Enugu,101.05,4,2,0,Bungalow,1996.0,7.93,,82701453
HOUSE_0946,Ibadan,141.85,1,4,3,Flat,2012.0,8.03,8.0,102242952
HOUSE_0947,Ibadan,102.54,5,3,3,Bungalow,,7.45,16.0,94907331
HOUSE_0948,Port Harcourt,116.47,4,3,3,Bungalow,2001.0,6.15,6.0,115016391
HOUSE_0949,Enugu,109.65,2,4,1,Bungalow,2019.0,15.99,14.0,80291483
HOUSE_0950,Enugu,142.44,5,4,0,Bungalow,2002.0,6.52,17.0,109488111
HOUSE_0951,Abuja,147.88,2,2,2,Duplex,2016.0,6.33,16.0,143690046
HOUSE_0952,Lagos,166.92,2,4,2,Duplex,2000.0,9.85,14.0,160527257
HOUSE_0953,Enugu,115.71,2,4,1,Flat,1999.0,10.24,12.0,77874567
HOUSE_0954,Abuja,57.16,3,4,3,Bungalow,2017.0,2.37,19.0,120917283
HOUSE_0955,Lagos,72.24,2,2,2,Flat,1991.0,8.71,14.0,127481510
HOUSE_0956,Ibadan,189.3,5,2,0,Bungalow,2021.0,19.16,6.0,101291446
HOUSE_0957,Lagos,145.52,3,3,0,Duplex,2013.0,10.5,8.0,144791508
HOUSE_0958,Abuja,47.96,2,1,0,Bungalow,,5.29,14.0,101666258
HOUSE_0959,Lagos,88.49,2,1,2,Duplex,2014.0,4.9,13.0,129485591
HOUSE_0960,Abuja,113.27,2,1,1,Flat,2007.0,5.64,20.0,126229390
HOUSE_0961,Ibadan,40.83,5,1,3,Bungalow,2013.0,11.74,9.0,62911622
HOUSE_0962,Enugu,77.09,4,4,1,Duplex,1999.0,9.2,17.0,81114495
HOUSE_0963,Ibadan,202.96,3,1,0,Bungalow,1993.0,3.4,13.0,126001505
HOUSE_0964,Enugu,40.0,4,3,2,Bungalow,1997.0,6.57,,62781830
HOUSE_0965,Port Harcourt,164.04,4,1,3,Duplex,2009.0,17.79,8.0,119168179
HOUSE_0966,Abuja,70.82,3,2,1,Duplex,2010.0,10.48,19.0,115352853
HOUSE_0967,Lagos,101.39,3,1,3,Duplex,2016.0,7.47,16.0,140157393
HOUSE_0968,Port Harcourt,225.77,1,2,2,Bungalow,1994.0,0.49,17.0,154193841
HOUSE_0969,Enugu,130.15,5,3,3,Bungalow,1991.0,10.34,7.0,96104804
HOUSE_0970,Abuja,163.43,4,2,0,Duplex,2002.0,8.49,15.0,142276386
HOUSE_0971,Enugu,132.32,1,1,1,Flat,,6.04,10.0,90030643
HOUSE_0972,Port Harcourt,130.77,3,4,3,Bungalow,1998.0,6.28,14.0,116042272
HOUSE_0973,Enugu,144.86,3,3,1,Flat,2016.0,6.15,17.0,99573601
HOUSE_0974,Port Harcourt,135.08,4,2,0,Flat,2004.0,7.85,8.0,116417607
HOUSE_0975,Abuja,165.04,3,2,0,Duplex,2017.0,7.74,14.0,137880722
HOUSE_0976,Lagos,49.08,3,2,0,Flat,,14.31,19.0,117880361
HOUSE_0977,Port Harcourt,83.77,4,1,1,Bungalow,2003.0,4.73,12.0,108990542
HOUSE_0978,Ibadan,96.17,3,4,3,Flat,2017.0,14.87,12.0,84584459
HOUSE_0979,Abuja,40.0,3,2,3,Flat,2016.0,23.69,10.0,70554732
HOUSE_0980,Ibadan,162.24,3,2,3,Flat,2013.0,9.12,,113020891
HOUSE_0981,Port Harcourt,117.8,1,1,3,Flat,2010.0,9.43,18.0,109238954
HOUSE_0982,Abuja,140.84,4,4,2,Flat,1996.0,11.23,,128005413
HOUSE_0983,Lagos,142.22,3,2,3,Duplex,1992.0,8.45,6.0,140994118
HOUSE_0984,Enugu,112.11,5,4,2,Duplex,2013.0,7.24,10.0,95437127
HOUSE_0985,Lagos,112.2,5,2,2,Flat,2022.0,13.67,21.0,139657725
HOUSE_0986,Port Harcourt,143.74,2,1,2,Bungalow,,6.7,19.0,115548731
HOUSE_0987,Ibadan,146.24,1,3,0,Flat,2021.0,8.97,14.0,106365004
HOUSE_0988,Ibadan,119.25,4,3,2,Bungalow,2006.0,6.06,,99417518
HOUSE_0989,Port Harcourt,164.96,2,3,3,Flat,2018.0,12.74,7.0,112319128
HOUSE_0990,Abuja,89.08,1,2,1,Flat,2020.0,10.04,14.0,103775708
HOUSE_0991,Port Harcourt,81.13,4,1,3,Flat,2018.0,1.1,17.0,113672340
HOUSE_0992,Enugu,94.93,4,4,3,Flat,1999.0,12.31,9.0,76719344
HOUSE_0993,Lagos,158.13,2,3,1,Flat,2022.0,10.57,14.0,153009473
HOUSE_0994,Enugu,149.0,2,1,1,Duplex,1994.0,10.58,13.0,97644494
HOUSE_0995,Port Harcourt,94.34,1,3,0,Duplex,1997.0,10.16,18.0,97894525
HOUSE_0996,Enugu,152.02,1,3,1,Flat,1995.0,11.77,20.0,103018553
HOUSE_0997,Port Harcourt,167.56,4,3,0,Duplex,1992.0,11.54,20.0,129747963
HOUSE_0998,Enugu,134.06,2,2,0,Bungalow,2008.0,13.35,16.0,92890958
HOUSE_0999,Lagos,118.94,1,4,0,Duplex,2006.0,3.59,11.0,139448578
HOUSE_1000,Port Harcourt,113.48,1,1,1,Flat,2014.0,4.28,18.0,107161492
HOUSE_1001,Abuja,92.99,1,3,3,Duplex,2009.0,7.28,10.0,110835267
HOUSE_1002,Lagos,88.3,3,2,3,Duplex,2014.0,6.46,21.0,133758457
HOUSE_1003,Enugu,44.26,5,4,0,Duplex,2013.0,9.07,11.0,67988482
HOUSE_1004,Port Harcourt,120.05,1,1,2,Duplex,2004.0,3.91,10.0,108635004
HOUSE_1005,Enugu,146.37,5,1,2,Duplex,2017.0,12.69,8.0,99249127
HOUSE_1006,Port Harcourt,55.7,3,2,1,Bungalow,2009.0,4.19,13.0,94542189
HOUSE_1007,Port Harcourt,89.23,3,1,0,Flat,2022.0,3.3,9.0,103239318
HOUSE_1008,Port Harcourt,153.18,4,1,3,Bungalow,2006.0,7.03,17.0,124152491
HOUSE_1009,Enugu,109.42,1,1,0,Bungalow,2019.0,2.02,11.0,90662654
HOUSE_1010,Abuja,145.42,4,1,0,Duplex,2009.0,1.8,16.0,147687573
HOUSE_1011,Port Harcourt,122.4,4,3,2,Flat,2003.0,9.39,11.0,106983378
HOUSE_1012,Enugu,174.43,3,1,3,Bungalow,1991.0,1.46,6.0,109523110
HOUSE_1013,Lagos,40.0,1,2,3,Duplex,2015.0,8.92,21.0,109476140
HOUSE_1014,Enugu,192.02,5,3,3,Duplex,1995.0,14.19,10.0,106445991
HOUSE_1015,Lagos,128.39,2,1,0,Bungalow,2002.0,5.54,6.0,134897519
HOUSE_1016,Port Harcourt,152.28,2,2,3,Bungalow,,3.13,12.0,119188126
HOUSE_1017,Ibadan,139.05,4,2,3,Duplex,1991.0,10.53,9.0,95219795
HOUSE_1018,Abuja,162.41,4,4,3,Flat,2018.0,21.8,,125953588
HOUSE_1019,Abuja,135.7,3,4,0,Duplex,1990.0,5.46,9.0,138418345
HOUSE_1020,Port Harcourt,118.98,4,4,2,Flat,2021.0,0.85,18.0,128577379
HOUSE_1021,Enugu,92.21,5,4,1,Bungalow,1993.0,5.95,,82153112
HOUSE_1022,Port Harcourt,99.04,5,3,0,Duplex,2016.0,8.76,21.0,108712702
HOUSE_1023,Port Harcourt,87.1,5,3,3,Bungalow,2017.0,13.61,6.0,90460845
HOUSE_1024,Ibadan,120.01,2,4,2,Duplex,2004.0,7.95,,92348891
HOUSE_1025,Enugu,106.88,3,4,1,Duplex,2014.0,8.78,19.0,96750248
HOUSE_1026,Ibadan,153.0,4,2,1,Duplex,1995.0,3.66,21.0,114925255
HOUSE_1027,Abuja,93.68,2,2,3,Flat,2016.0,6.48,21.0,118704802
HOUSE_1028,Abuja,66.17,2,1,0,Duplex,2006.0,3.9,17.0,114534771
HOUSE_1029,Abuja,100.95,2,1,0,Duplex,2017.0,12.37,9.0,110749893
HOUSE_1030,Abuja,130.5,1,2,3,Duplex,2011.0,8.97,17.0,131519810
HOUSE_1031,Lagos,154.04,5,3,1,Bungalow,2022.0,7.31,9.0,162392078
HOUSE_1032,Lagos,135.62,4,4,0,Flat,1996.0,7.48,,145394637
HOUSE_1033,Enugu,130.61,1,2,0,Flat,2013.0,5.09,11.0,94926745
HOUSE_1034,Ibadan,40.0,4,4,0,Flat,2013.0,7.33,16.0,82547237
HOUSE_1035,Abuja,176.91,1,2,3,Duplex,1990.0,12.63,13.0,141637677
HOUSE_1036,Port Harcourt,158.62,3,3,1,Flat,2007.0,14.18,17.0,125698624
HOUSE_1037,Port Harcourt,123.55,3,2,1,Bungalow,2016.0,8.99,13.0,106068366
HOUSE_1038,Port Harcourt,95.29,4,4,3,Bungalow,2013.0,6.42,6.0,105674111
HOUSE_1039,Abuja,144.63,1,1,0,Duplex,2010.0,14.02,18.0,129555058
HOUSE_1040,Abuja,114.42,4,1,3,Flat,1999.0,5.75,,120817639
HOUSE_1041,Enugu,120.02,3,4,3,Bungalow,2009.0,11.01,16.0,88669393
HOUSE_1042,Lagos,62.25,3,2,3,Duplex,2003.0,3.48,,128785049
HOUSE_1043,Enugu,97.98,4,3,3,Flat,2009.0,1.9,8.0,82932740
HOUSE_1044,Enugu,99.67,3,4,1,Bungalow,,7.26,15.0,83259907
HOUSE_1045,Lagos,101.87,5,3,2,Bungalow,2000.0,15.26,6.0,121410459
HOUSE_1046,Enugu,133.07,5,3,1,Duplex,2017.0,9.5,,92227333
HOUSE_1047,Lagos,144.89,3,3,2,Flat,1993.0,2.31,9.0,155867455
HOUSE_1048,Ibadan,161.56,5,1,3,Duplex,2005.0,7.62,,116092711
HOUSE_1049,Enugu,146.82,5,2,2,Duplex,2008.0,2.64,,113200295
HOUSE_1050,Abuja,57.85,4,2,0,Duplex,,12.09,,97169918
HOUSE_1051,Ibadan,135.06,4,1,1,Bungalow,2017.0,3.49,19.0,105356578
HOUSE_1052,Lagos,85.21,1,4,1,Duplex,2003.0,13.63,20.0,118278558
HOUSE_1053,Ibadan,72.42,5,4,3,Duplex,2021.0,16.21,19.0,81179549
HOUSE_1054,Port Harcourt,83.98,4,2,1,Bungalow,1998.0,11.19,21.0,106494435
HOUSE_1055,Port Harcourt,106.86,2,1,1,Duplex,2020.0,11.02,7.0,100399470
HOUSE_1056,Abuja,98.24,5,3,0,Bungalow,2016.0,7.19,9.0,118182205
HOUSE_1057,Ibadan,121.64,5,3,0,Bungalow,1999.0,2.99,9.0,105617056
HOUSE_1058,Ibadan,149.63,3,3,2,Duplex,1991.0,5.43,10.0,104240250
HOUSE_1059,Enugu,110.86,4,1,2,Duplex,2003.0,3.03,11.0,98006239
HOUSE_1060,Port Harcourt,40.0,1,1,2,Flat,1992.0,7.04,19.0,82024800
HOUSE_1061,Enugu,216.5,3,4,2,Duplex,2020.0,11.92,10.0,124756035
HOUSE_1062,Abuja,119.23,5,4,3,Bungalow,2018.0,6.69,10.0,138413888
HOUSE_1063,Ibadan,120.9,1,4,3,Flat,2015.0,10.74,16.0,94602902
HOUSE_1064,Lagos,72.77,4,3,0,Flat,1991.0,13.57,,124456098
HOUSE_1065,Ibadan,148.62,5,1,0,Flat,,11.59,,110018011
HOUSE_1066,Lagos,137.54,5,2,3,Bungalow,1991.0,8.1,9.0,153362336
HOUSE_1067,Enugu,146.91,2,1,2,Flat,2005.0,10.96,,90420990
HOUSE_1068,Lagos,105.84,5,3,3,Bungalow,1992.0,5.13,21.0,143877722
HOUSE_1069,Ibadan,124.07,4,2,3,Flat,,15.75,16.0,91535068
HOUSE_1070,Ibadan,70.44,1,1,0,Bungalow,2000.0,0.66,15.0,77276993
HOUSE_1071,Abuja,126.59,3,1,1,Duplex,2016.0,8.25,11.0,118995059
HOUSE_1072,Enugu,126.93,3,2,0,Bungalow,1993.0,9.22,15.0,90404885
HOUSE_1073,Lagos,111.07,3,2,3,Duplex,2006.0,15.45,18.0,138522364
HOUSE_1074,Lagos,55.96,1,2,1,Bungalow,2005.0,3.86,21.0,124588592
HOUSE_1075,Enugu,115.87,4,1,2,Flat,2010.0,0.22,20.0,104070264
HOUSE_1076,Port Harcourt,112.97,1,4,0,Duplex,2004.0,16.31,6.0,89581789
HOUSE_1077,Enugu,120.84,5,1,1,Bungalow,1998.0,9.15,15.0,94845989
HOUSE_1078,Port Harcourt,69.59,4,1,1,Flat,2013.0,4.92,,92975424
HOUSE_1079,Abuja,104.99,5,4,3,Flat,1990.0,6.41,20.0,141469799
HOUSE_1080,Enugu,171.27,3,2,0,Flat,2020.0,10.79,14.0,106925569
HOUSE_1081,Ibadan,75.54,4,3,1,Bungalow,2022.0,9.23,15.0,77626695
HOUSE_1082,Abuja,139.93,5,1,2,Flat,2015.0,13.7,9.0,133868550
HOUSE_1083,Abuja,183.22,5,3,3,Flat,2022.0,2.92,16.0,166667324
HOUSE_1084,Ibadan,87.57,3,4,2,Flat,2010.0,1.71,16.0,93229676
HOUSE_1085,Port Harcourt,110.64,5,3,0,Bungalow,1998.0,10.33,6.0,110141467
HOUSE_1086,Port Harcourt,159.49,1,1,1,Duplex,2021.0,7.62,18.0,123507030
HOUSE_1087,Lagos,107.21,1,1,3,Bungalow,1997.0,8.76,17.0,137846340
HOUSE_1088,Port Harcourt,86.59,5,3,3,Flat,1990.0,18.45,9.0,91330691
HOUSE_1089,Ibadan,55.69,2,4,0,Flat,1991.0,8.92,14.0,77606552
HOUSE_1090,Ibadan,200.94,2,1,2,Bungalow,2004.0,8.03,13.0,121279221
HOUSE_1091,Ibadan,112.4,1,3,3,Bungalow,2003.0,6.21,6.0,83777243
HOUSE_1092,Port Harcourt,112.78,1,3,3,Flat,2002.0,14.86,,100119750
HOUSE_1093,Enugu,40.0,5,2,0,Bungalow,1998.0,15.67,8.0,48633935
HOUSE_1094,Ibadan,63.04,5,2,2,Flat,1991.0,6.67,,85069469
HOUSE_1095,Ibadan,102.83,5,4,0,Duplex,1993.0,10.94,16.0,96219532
HOUSE_1096,Port Harcourt,56.08,3,1,3,Duplex,2013.0,10.31,,89188530
HOUSE_1097,Lagos,200.97,2,1,2,Duplex,,1.18,20.0,175729993
HOUSE_1098,Lagos,127.59,4,2,2,Flat,1991.0,4.69,13.0,154396597
HOUSE_1099,Port Harcourt,137.04,1,2,1,Flat,2011.0,8.1,15.0,106796769
HOUSE_1100,Lagos,94.34,1,4,3,Flat,2011.0,10.44,14.0,124537731
HOUSE_1101,Lagos,192.17,4,2,2,Flat,2011.0,7.05,,175323846
HOUSE_1102,Abuja,148.79,1,4,0,Bungalow,2018.0,1.53,,136034850
HOUSE_1103,Lagos,81.74,1,1,3,Duplex,1994.0,10.36,10.0,110218114
HOUSE_1104,Port Harcourt,179.36,1,3,3,Flat,1996.0,9.78,7.0,124624417
HOUSE_1105,Lagos,107.48,3,4,3,Flat,2016.0,8.0,13.0,142376400
HOUSE_1106,Enugu,69.98,1,4,3,Duplex,2017.0,11.02,9.0,61868109
HOUSE_1107,Lagos,155.29,4,3,1,Flat,1996.0,5.74,6.0,158550043
HOUSE_1108,Lagos,101.2,5,2,1,Bungalow,2022.0,9.33,14.0,137085884
HOUSE_1109,Port Harcourt,102.53,4,4,1,Flat,1998.0,7.67,7.0,100896796
HOUSE_1110,Abuja,203.99,3,4,2,Duplex,,6.76,10.0,153257218
HOUSE_1111,Port Harcourt,105.67,3,3,2,Duplex,1990.0,4.76,,113310066
HOUSE_1112,Abuja,149.77,1,2,0,Duplex,2012.0,7.09,12.0,127972369
HOUSE_1113,Abuja,94.03,1,3,1,Bungalow,2020.0,14.61,20.0,112439118
HOUSE_1114,Ibadan,176.78,5,3,2,Duplex,2011.0,5.0,11.0,119233497
HOUSE_1115,Port Harcourt,45.34,1,4,1,Flat,2004.0,13.04,13.0,77347627
HOUSE_1116,Enugu,92.61,2,2,3,Bungalow,2011.0,11.95,18.0,71319818
HOUSE_1117,Port Harcourt,41.2,2,1,2,Flat,1994.0,12.46,17.0,69670157
HOUSE_1118,Enugu,71.55,1,2,2,Duplex,2002.0,11.65,,67607100
HOUSE_1119,Ibadan,120.57,1,1,1,Flat,2008.0,3.23,11.0,90597110
HOUSE_1120,Ibadan,103.72,2,3,1,Flat,2002.0,11.43,6.0,76639579
HOUSE_1121,Ibadan,124.24,1,1,1,Duplex,1997.0,10.92,16.0,85505719
HOUSE_1122,Ibadan,199.06,4,2,2,Duplex,2000.0,0.18,,141059546
HOUSE_1123,Enugu,184.69,4,1,0,Flat,1998.0,8.52,12.0,107332854
HOUSE_1124,Enugu,84.05,4,3,2,Bungalow,2017.0,1.35,13.0,81872049
HOUSE_1125,Enugu,112.44,5,2,2,Flat,2010.0,12.61,13.0,79413851
HOUSE_1126,Ibadan,114.9,2,4,1,Bungalow,1995.0,15.56,21.0,96413043
HOUSE_1127,Enugu,61.95,1,2,3,Bungalow,2022.0,7.94,17.0,67220454
HOUSE_1128,Enugu,69.9,4,2,2,Bungalow,2013.0,9.82,,75534429
HOUSE_1129,Port Harcourt,155.48,4,4,2,Bungalow,2015.0,5.9,,134437205
HOUSE_1130,Lagos,40.0,2,2,1,Duplex,2005.0,8.99,18.0,108679394
HOUSE_1131,Ibadan,137.47,4,4,1,Duplex,2006.0,10.02,,98712357
HOUSE_1132,Abuja,169.43,1,3,3,Bungalow,2012.0,2.64,13.0,148730210
HOUSE_1133,Lagos,147.21,4,3,3,Duplex,2019.0,13.96,19.0,150532114
HOUSE_1134,Ibadan,48.86,4,3,2,Duplex,1991.0,9.6,11.0,72090076
HOUSE_1135,Abuja,99.83,3,1,2,Flat,2008.0,7.59,,118636687
HOUSE_1136,Enugu,133.91,1,3,1,Flat,1997.0,5.56,8.0,89039242
HOUSE_1137,Lagos,92.97,5,2,2,Flat,2011.0,8.17,14.0,134714810
HOUSE_1138,Ibadan,76.51,2,2,2,Flat,2009.0,2.57,15.0,92490609
HOUSE_1139,Ibadan,147.17,4,4,0,Duplex,2022.0,2.26,10.0,115468257
HOUSE_1140,Abuja,146.65,2,2,3,Flat,,10.31,,135342841
HOUSE_1141,Enugu,50.97,4,4,2,Flat,2010.0,4.61,12.0,73700657
HOUSE_1142,Port Harcourt,167.76,2,4,3,Bungalow,1991.0,3.09,17.0,131540728
HOUSE_1143,Enugu,101.42,2,3,0,Duplex,2012.0,10.31,16.0,77009445
HOUSE_1144,Port Harcourt,151.34,4,4,2,Duplex,1991.0,6.74,,134255584
HOUSE_1145,Lagos,96.1,2,2,2,Bungalow,2015.0,15.11,18.0,120728841
HOUSE_1146,Port Harcourt,189.56,1,4,1,Duplex,1996.0,12.89,16.0,131531471
HOUSE_1147,Port Harcourt,123.41,3,1,1,Flat,2001.0,3.96,7.0,118508399
HOUSE_1148,Enugu,86.78,4,1,1,Flat,1994.0,10.61,18.0,75703447
HOUSE_1149,Abuja,136.74,2,3,0,Duplex,1993.0,15.01,17.0,126245093
HOUSE_1150,Lagos,146.02,2,3,3,Duplex,2000.0,0.48,9.0,150596871
HOUSE_1151,Enugu,162.08,4,4,0,Duplex,2003.0,3.01,10.0,109565953
HOUSE_1152,Ibadan,104.64,4,4,1,Bungalow,2009.0,9.25,,90129721
HOUSE_1153,Enugu,199.83,4,3,1,Flat,1999.0,23.55,20.0,100252583
HOUSE_1154,Port Harcourt,144.27,5,2,2,Bungalow,2021.0,7.08,20.0,130260863
HOUSE_1155,Enugu,141.38,1,1,2,Bungalow,2019.0,12.44,17.0,91504440
HOUSE_1156,Ibadan,107.17,4,2,3,Flat,2001.0,16.98,19.0,87215734
HOUSE_1157,Port Harcourt,129.2,2,1,3,Bungalow,1992.0,10.49,13.0,102582653
HOUSE_1158,Ibadan,146.64,5,3,0,Bungalow,2003.0,10.11,21.0,113691041
HOUSE_1159,Enugu,153.56,1,3,0,Flat,2022.0,4.91,16.0,102333437
HOUSE_1160,Port Harcourt,97.67,2,3,1,Bungalow,1992.0,2.5,20.0,106132026
HOUSE_1161,Lagos,137.58,4,4,2,Bungalow,2015.0,11.89,12.0,146740107
HOUSE_1162,Lagos,138.31,1,3,0,Bungalow,1998.0,16.37,16.0,139610513
HOUSE_1163,Port Harcourt,119.78,4,4,0,Flat,2005.0,11.34,20.0,111666756
HOUSE_1164,Port Harcourt,76.33,3,2,1,Flat,1996.0,6.06,11.0,94479115
HOUSE_1165,Lagos,147.82,5,4,1,Flat,1990.0,12.25,14.0,149512771
HOUSE_1166,Port Harcourt,108.24,3,2,1,Bungalow,1992.0,7.64,,103043134
HOUSE_1167,Port Harcourt,59.29,1,1,3,Bungalow,2009.0,6.21,20.0,83177149
HOUSE_1168,Enugu,155.62,1,1,3,Flat,2005.0,10.88,17.0,90611406
HOUSE_1169,Abuja,140.03,1,1,3,Flat,1990.0,8.25,16.0,134475471
HOUSE_1170,Abuja,120.28,1,2,0,Bungalow,2000.0,4.7,11.0,117297291
HOUSE_1171,Port Harcourt,147.95,5,1,2,Duplex,2002.0,10.1,12.0,122951859
HOUSE_1172,Port Harcourt,139.68,4,1,1,Flat,1996.0,5.37,17.0,122569474
HOUSE_1173,Abuja,40.0,1,4,2,Flat,2014.0,13.49,12.0,89208982
HOUSE_1174,Abuja,100.85,1,3,2,Flat,1994.0,3.69,12.0,119965335
HOUSE_1175,Ibadan,147.74,5,4,0,Bungalow,,6.04,,111037310
HOUSE_1176,Ibadan,162.4,1,3,3,Bungalow,1998.0,11.09,16.0,101072675
HOUSE_1177,Ibadan,147.34,4,1,2,Flat,2018.0,1.17,18.0,119039565
HOUSE_1178,Abuja,168.48,5,1,1,Flat,1997.0,9.31,15.0,142761287
HOUSE_1179,Port Harcourt,105.23,2,1,0,Flat,2013.0,8.72,21.0,103442489
HOUSE_1180,Abuja,48.95,2,4,1,Bungalow,1992.0,10.04,13.0,104053362
HOUSE_1181,Enugu,78.83,4,3,1,Duplex,2010.0,1.24,7.0,84539594
HOUSE_1182,Port Harcourt,59.11,3,1,1,Bungalow,2011.0,13.56,16.0,80079234
HOUSE_1183,Abuja,94.83,5,1,1,Bungalow,2004.0,15.67,18.0,115935159
HOUSE_1184,Ibadan,98.57,2,4,0,Flat,2021.0,0.54,8.0,90879813
HOUSE_1185,Lagos,75.34,2,2,1,Flat,2001.0,14.18,,116760783
HOUSE_1186,Abuja,113.76,2,1,3,Bungalow,2019.0,5.26,15.0,119759552
HOUSE_1187,Abuja,126.4,2,4,1,Bungalow,2005.0,10.51,15.0,124415682
HOUSE_1188,Enugu,164.7,4,2,2,Duplex,1995.0,15.24,17.0,100237016
HOUSE_1189,Port Harcourt,105.61,2,4,3,Duplex,2022.0,1.37,19.0,123475365
HOUSE_1190,Abuja,103.46,4,1,3,Duplex,1995.0,9.3,15.0,123537006
HOUSE_1191,Enugu,81.45,2,2,2,Duplex,2019.0,3.21,15.0,80265572
HOUSE_1192,Ibadan,133.75,4,4,0,Duplex,1998.0,7.76,21.0,107384595
HOUSE_1193,Abuja,121.31,2,1,0,Bungalow,2013.0,4.21,21.0,131294467
HOUSE_1194,Port Harcourt,110.78,4,3,3,Duplex,2009.0,3.38,,110613504
HOUSE_1195,Port Harcourt,155.61,1,1,3,Bungalow,2000.0,13.18,12.0,115646968
HOUSE_1196,Port Harcourt,46.15,3,3,3,Bungalow,2013.0,3.35,7.0,92253765
HOUSE_1197,Port Harcourt,60.14,4,2,1,Duplex,1992.0,4.75,17.0,102134219
HOUSE_1198,Lagos,116.66,2,3,3,Bungalow,1999.0,0.75,14.0,144982799
HOUSE_1199,Enugu,83.13,5,2,0,Flat,1995.0,2.98,18.0,89489705
HOUSE_1200,Enugu,128.29,1,2,3,Flat,2017.0,8.35,14.0,91388837
